claim_count_7d,avg_claim_amount,location_jump_km,cluster_claim_count,device_motion_score,vpn_flag,claim_trigger_frequency,trust_score
11,1883,67.74,14,0.16,1,6,0.2
5,3065,95.37,30,0.25,1,10,0.31
15,3145,62.9,28,0.01,0,10,0.11
5,1333,6.18,3,0.69,1,6,0.99
3,681,19.27,9,0.64,1,1,0.68
6,756,8.37,6,0.3,0,5,0.82
5,660,9.76,2,0.35,1,2,0.75
8,2765,37.56,16,0.05,0,6,0.35
2,1258,5.13,10,0.23,1,3,0.94
1,1402,5.46,2,0.36,0,3,0.61
1,334,18.46,6,0.42,0,4,0.99
5,1056,15.9,2,0.92,0,1,0.47
1,1053,4.8,4,0.85,0,8,1.0
0,468,10.28,8,0.42,0,6,0.87
7,3233,91.96,21,0.2,0,9,0.25
8,2059,62.73,24,0.1,0,6,0.54
1,559,20.93,10,0.67,1,6,0.89
3,584,2.01,8,0.9,1,2,0.59
3,145,8.55,6,0.73,0,7,0.58
1,718,4.9,1,0.42,0,3,0.7
3,1014,3.61,6,0.38,0,2,0.58
12,1744,85.42,23,0.14,0,11,0.33
0,619,19.4,10,0.72,0,1,0.5
1,1411,6.9,3,0.95,1,2,0.77
1,1169,13.43,7,0.86,0,4,0.4
6,2224,72.6,16,0.15,1,12,0.48
0,1094,23.37,4,0.7,1,1,0.98
6,1495,59.32,10,0.16,1,8,0.28
0,313,21.22,5,0.82,1,0,0.69
0,300,23.67,4,0.8,0,4,0.77
6,1252,10.99,1,0.41,1,0,0.98
3,884,15.64,2,0.34,1,2,0.46
0,1409,18.38,3,0.83,1,8,0.8
4,1165,17.82,1,0.22,1,8,0.5
0,1469,12.38,9,0.25,0,5,0.54
3,174,24.08,6,0.93,0,7,0.89
9,2425,58.61,17,0.06,0,5,0.44
6,655,9.41,3,0.9,1,1,0.68
2,901,10.56,2,0.94,1,7,0.63
1,126,9.86,1,0.36,0,0,0.76
5,313,19.09,7,0.99,0,8,0.79
3,249,9.49,6,0.94,0,8,0.61
6,531,4.35,3,0.41,1,5,0.61
1,688,20.62,1,0.36,0,1,0.77
6,715,14.4,9,0.8,1,3,0.83
2,809,3.11,8,0.68,1,7,0.94
10,2078,58.1,14,0.13,0,7,0.27
4,260,14.0,8,0.88,0,1,0.7
1,376,18.26,2,0.55,1,5,0.44
6,506,23.67,4,0.71,0,1,0.42
5,952,15.02,4,0.78,0,4,0.62
13,3416,55.18,18,0.08,1,9,0.11
6,2670,80.47,29,0.07,0,9,0.43
3,228,19.96,2,0.57,0,6,0.98
1,957,20.0,1,0.65,0,4,0.79
13,1493,81.9,17,0.01,1,10,0.42
3,608,14.05,10,0.68,1,5,0.42
2,1226,23.81,6,0.61,0,4,0.53
2,469,11.67,7,0.79,1,3,0.98
10,2202,82.67,16,0.19,1,5,0.5
3,1014,24.63,5,0.45,1,2,0.41
4,709,18.63,3,0.71,1,7,0.83
2,898,8.23,4,0.39,1,0,0.98
1,818,16.65,4,0.31,1,2,0.79
2,627,14.3,9,0.54,0,1,0.62
3,600,1.77,4,0.52,0,4,0.9
1,869,0.59,4,0.9,0,5,0.54
4,681,19.51,7,0.34,1,5,0.82
1,1211,1.25,7,0.41,0,2,0.62
6,2415,48.14,26,0.23,1,10,0.25
5,960,2.48,1,0.34,0,2,0.9
11,1254,30.49,20,0.08,0,5,0.24
0,1159,8.77,10,0.89,1,7,0.96
1,1360,8.82,10,0.58,1,2,0.88
0,435,5.54,2,0.86,0,6,0.7
14,3772,90.21,9,0.21,0,11,0.11
4,711,9.95,7,0.22,0,0,0.41
2,240,24.04,9,0.9,0,4,0.81
1,573,24.22,5,0.44,0,7,0.54
0,218,21.37,3,0.95,1,2,0.51
4,1209,14.75,4,0.21,1,2,0.58
0,1421,5.42,9,0.44,0,8,0.85
2,576,23.37,8,0.89,1,1,0.6
2,798,22.16,10,0.66,1,7,0.89
4,1423,9.42,1,0.24,0,7,0.98
3,375,0.68,6,0.85,0,8,0.94
6,309,16.38,3,0.46,1,5,0.62
3,1239,2.8,2,0.75,1,1,0.77
1,827,13.12,2,0.43,0,6,0.85
2,1033,15.74,5,0.21,0,6,0.55
1,1306,2.95,7,0.63,1,2,0.56
12,2108,51.26,30,0.0,0,8,0.43
4,1266,10.99,4,0.68,0,3,0.79
8,3311,55.36,19,0.25,1,11,0.44
5,987,11.58,3,0.41,0,5,0.78
0,1075,2.77,8,0.88,0,3,0.66
5,596,20.26,3,0.76,0,8,0.8
3,982,13.85,6,0.5,0,8,0.99
2,779,15.24,1,0.36,0,7,0.84
1,245,22.74,2,0.89,0,4,0.45
1,388,4.77,3,0.76,1,7,0.58
0,110,22.3,8,0.36,1,7,0.99
4,597,9.05,6,0.49,0,7,0.97
2,144,7.6,2,0.72,1,6,0.57
0,225,14.88,9,0.44,0,2,0.41
11,3304,80.23,30,0.15,1,8,0.5
1,1320,0.62,8,0.34,0,4,0.74
4,400,4.79,5,0.25,1,8,0.54
3,1053,10.09,4,0.69,1,6,0.6
6,625,1.87,9,0.94,1,8,0.98
2,216,4.57,1,0.25,1,2,0.91
1,732,17.36,9,0.29,1,1,0.49
5,533,21.75,6,0.26,0,4,0.97
6,380,5.17,1,0.57,0,3,0.88
2,945,23.12,7,0.28,0,5,0.87
0,846,11.35,2,0.67,0,0,0.97
5,370,6.52,6,0.23,1,7,0.71
13,2394,76.5,9,0.19,0,12,0.54
4,818,6.16,2,0.5,1,6,0.82
6,118,1.22,5,0.54,1,5,0.48
1,479,8.45,9,0.44,1,6,0.41
8,2985,56.49,24,0.01,1,8,0.15
5,761,9.8,9,0.81,1,8,0.55
6,131,10.44,6,0.23,0,7,0.53
4,760,5.41,2,0.65,0,3,0.86
11,2973,21.8,20,0.1,0,7,0.51
5,341,15.28,4,0.55,0,6,0.69
13,2821,93.64,19,0.06,1,7,0.21
0,430,21.13,7,0.56,0,1,0.93
1,489,13.71,10,0.79,1,2,0.78
0,793,1.78,10,0.52,0,0,0.72
2,108,23.26,4,0.74,0,4,0.96
6,749,14.41,1,0.59,0,7,0.52
5,777,6.99,5,0.71,1,5,0.52
4,460,16.2,7,0.34,0,4,0.88
2,521,4.74,9,0.72,0,5,0.55
1,1360,9.39,8,0.35,0,4,0.44
2,1123,13.2,6,0.41,0,0,0.75
6,116,17.51,8,0.95,0,2,0.41
2,570,1.18,1,0.87,0,1,0.59
5,3867,80.67,16,0.23,1,10,0.24
2,1351,10.81,2,0.89,1,1,0.81
4,1002,22.59,2,0.84,1,3,0.49
14,2351,69.77,27,0.22,1,6,0.21
2,956,3.02,6,0.91,1,7,0.58
0,1042,13.68,5,0.3,0,2,0.56
1,371,3.74,9,0.41,1,4,0.83
6,498,4.71,9,0.39,1,7,0.43
3,164,10.23,5,0.44,1,1,0.95
10,2933,99.22,8,0.14,0,5,0.17
2,600,17.25,6,0.88,0,3,0.81
2,635,16.08,1,0.52,1,8,0.75
6,1417,10.48,7,0.55,1,6,0.76
3,887,14.1,6,0.9,1,6,0.83
4,691,11.83,5,0.85,0,7,0.62
5,1411,21.93,3,0.75,0,0,0.91
12,1929,50.2,30,0.21,1,7,0.51
3,338,2.97,9,0.55,0,6,0.87
3,1032,23.12,7,0.8,1,4,0.78
6,488,14.18,3,0.85,1,2,0.65
3,1419,24.84,9,0.29,1,3,0.62
4,500,22.58,7,0.83,1,1,0.93
3,129,19.1,9,0.65,0,5,0.44
3,776,3.76,8,0.49,0,6,0.42
2,1148,22.02,1,0.85,1,1,0.79
2,337,22.67,4,0.27,0,0,0.78
5,1733,36.18,20,0.17,0,11,0.21
11,3180,31.66,25,0.18,0,6,0.4
13,2629,21.35,23,0.04,1,8,0.2
3,1107,12.13,7,0.74,1,5,0.52
1,1033,4.13,1,0.46,0,3,0.97
3,221,4.03,6,0.22,1,6,0.41
8,1497,60.28,26,0.19,0,6,0.19
5,272,15.21,8,0.69,1,2,0.69
2,675,18.39,9,0.57,0,3,0.89
5,559,7.25,8,0.58,0,8,0.73
13,2967,99.98,8,0.08,0,11,0.39
0,1156,1.49,1,0.45,1,1,0.95
0,471,11.58,4,0.27,0,4,0.64
3,572,18.17,10,0.61,1,1,0.61
3,1083,18.17,1,0.81,1,7,0.58
4,936,4.58,1,0.9,0,3,0.87
2,1155,24.29,6,0.62,1,0,0.62
1,1360,16.34,8,0.73,1,0,0.85
4,1190,11.2,2,0.91,1,4,0.85
4,150,21.81,5,0.21,1,0,0.46
2,560,20.27,10,0.89,1,6,0.96
6,933,20.43,7,0.82,0,2,0.46
2,745,8.66,6,0.5,1,5,0.49
3,1217,16.06,8,0.77,1,0,0.59
1,591,0.4,7,0.56,0,3,0.56
5,218,21.26,7,0.28,1,0,0.51
2,666,2.46,7,0.59,1,1,0.65
6,270,23.8,9,0.98,1,2,0.73
0,863,0.89,3,0.48,1,6,0.43
0,912,18.27,6,0.36,0,4,0.86
8,3719,39.71,17,0.17,1,10,0.19
3,1397,5.19,4,0.4,0,0,0.79
3,271,21.71,2,0.69,1,0,0.61
6,1110,15.92,7,0.28,0,7,0.6
6,259,24.7,8,0.76,1,7,0.86
6,414,24.62,6,0.65,0,3,0.78
4,743,14.06,7,0.41,0,7,0.84
2,222,24.57,1,0.46,1,7,0.87
1,873,24.94,5,0.29,0,4,0.67
6,289,20.59,5,0.52,0,8,0.89
4,1485,8.53,2,0.26,1,1,0.73
2,556,1.74,8,0.23,0,2,1.0
2,1230,10.24,10,0.36,0,7,0.43
6,532,7.44,2,0.26,0,5,0.43
3,756,1.02,7,0.28,1,1,0.98
8,2321,38.59,23,0.05,0,12,0.16
0,851,12.63,8,0.44,1,0,0.5
5,476,10.52,7,0.36,1,6,0.9
2,1338,15.38,3,0.94,1,4,0.54
4,1460,3.27,7,0.84,1,1,0.77
2,1315,17.15,1,0.94,1,2,0.65
5,562,5.56,1,0.74,1,1,0.68
5,611,21.3,7,0.92,1,4,0.59
0,1258,24.78,2,0.26,0,0,0.41
4,962,16.82,6,0.5,1,6,0.54
2,1070,6.56,1,0.75,0,7,0.92
4,758,3.6,3,0.82,0,3,0.85
0,532,21.56,4,0.74,0,0,0.6
0,1281,16.0,7,0.35,1,0,0.54
3,289,17.03,2,0.65,0,8,0.5
5,813,20.24,1,0.35,1,1,0.73
5,1045,9.64,9,0.4,1,3,0.66
10,3907,56.62,27,0.19,0,12,0.29
6,1426,51.03,11,0.07,1,10,0.48
3,1114,14.34,7,0.55,0,3,0.86
4,651,1.76,6,0.25,1,7,0.45
3,1229,15.75,10,0.36,1,4,0.92
14,2232,33.5,12,0.05,0,10,0.19
0,447,15.23,9,0.35,1,5,0.83
1,895,0.48,9,0.46,0,2,0.93
2,1431,2.94,5,0.97,0,1,0.77
4,177,20.04,9,0.69,0,0,0.44
3,551,9.85,7,0.33,1,7,0.52
5,849,21.45,4,0.94,0,0,0.45
3,823,20.16,7,0.28,0,5,0.74
8,1969,77.7,9,0.07,0,10,0.15
6,529,23.15,2,0.38,0,1,0.53
8,3187,93.82,14,0.03,1,6,0.2
3,188,12.66,10,0.53,1,5,0.91
4,364,24.75,7,0.5,0,2,0.9
3,1464,13.21,9,0.91,1,5,0.46
4,103,5.35,6,0.89,1,8,0.92
3,1457,10.28,3,0.89,1,0,0.58
1,124,9.77,7,0.55,0,0,0.47
2,1450,5.47,8,0.45,1,8,1.0
1,506,15.96,5,0.87,1,1,0.42
1,1212,16.12,8,0.56,1,0,0.94
2,373,8.78,4,0.58,0,0,0.67
4,1276,17.56,10,0.92,0,8,0.77
2,905,10.85,10,0.34,1,6,0.69
5,270,15.7,10,0.28,0,7,0.52
2,718,11.82,10,0.99,1,5,0.43
2,1129,14.5,3,0.51,0,6,0.85
5,924,17.12,4,0.37,0,8,0.85
3,318,5.17,10,0.89,0,8,0.43
3,1487,5.08,6,0.85,1,3,0.58
3,839,19.13,3,0.36,1,4,0.71
14,1598,40.88,29,0.06,1,5,0.35
7,2020,95.17,23,0.0,1,9,0.36
4,1328,1.88,3,1.0,0,5,0.98
0,546,8.84,5,0.39,1,3,0.6
6,921,21.55,3,0.53,0,2,0.8
2,738,1.66,4,0.22,1,6,0.5
5,1118,0.89,6,0.57,1,3,0.79
3,1394,15.63,6,0.93,0,2,0.67
6,106,2.46,2,0.87,0,8,0.66
5,1057,5.38,3,0.28,1,0,0.81
4,779,9.21,3,0.36,0,5,0.59
4,428,8.46,7,0.69,0,1,0.71
5,1177,18.29,5,0.6,1,7,0.52
5,1116,16.35,9,0.6,0,6,0.78
3,995,14.15,5,0.67,1,7,0.94
1,505,4.19,1,0.77,0,5,0.94
5,1430,3.85,8,0.73,1,6,0.61
4,1206,4.84,2,0.44,0,6,0.92
5,418,20.13,10,0.52,0,4,0.61
9,1650,70.95,18,0.23,0,6,0.46
2,496,15.45,7,0.35,1,3,0.73
7,3070,53.77,28,0.06,0,6,0.14
0,1335,24.5,2,0.62,1,3,0.77
1,189,9.2,9,0.29,0,0,0.43
0,360,6.76,1,0.52,1,7,0.98
0,608,17.52,3,0.55,1,2,0.93
1,1405,5.16,10,0.39,1,6,0.8
13,3800,75.29,18,0.07,1,12,0.39
1,585,3.87,7,0.75,1,6,0.85
3,435,0.29,10,0.87,1,2,0.69
3,961,4.62,8,0.38,1,7,0.99
6,667,16.87,2,0.89,0,6,0.53
6,1375,17.74,2,0.42,1,2,0.92
4,421,15.72,3,0.8,0,6,0.89
5,1225,6.39,9,0.27,1,1,0.73
2,132,23.03,8,0.9,1,8,0.99
0,106,15.51,10,0.8,0,3,0.79
3,779,17.89,2,0.32,0,4,0.44
5,1356,22.95,9,0.78,1,3,0.8
2,134,4.73,3,0.77,1,4,0.91
5,585,18.05,9,0.33,0,5,0.87
3,993,20.28,5,0.73,0,5,0.53
6,660,1.25,1,0.83,0,0,0.67
6,1258,10.1,6,0.51,1,8,0.87
5,1165,18.9,3,0.76,0,5,0.83
3,1268,19.05,1,0.26,1,2,0.55
12,2324,58.77,29,0.18,0,10,0.2
5,643,0.05,4,0.82,1,4,0.98
0,740,20.0,5,0.94,0,4,0.93
4,1168,6.86,6,0.84,0,7,0.46
4,731,11.76,7,0.34,1,6,0.73
4,886,20.46,5,0.81,1,1,0.41
0,1434,13.07,2,0.39,1,0,0.56
4,217,6.78,10,0.65,0,8,0.59
4,100,8.24,6,0.61,0,0,0.48
6,336,4.76,1,0.91,1,5,0.81
1,979,23.56,8,0.45,0,6,0.82
6,1279,3.28,1,0.21,0,8,0.86
7,2811,37.41,26,0.11,0,10,0.25
2,140,13.28,8,0.55,1,8,0.51
1,798,3.58,8,0.9,1,1,0.87
0,281,5.04,4,0.6,1,1,0.76
13,3668,62.19,11,0.01,0,9,0.51
4,1472,6.15,6,0.88,0,1,0.64
1,372,16.64,6,0.28,1,0,0.89
1,904,4.51,2,0.52,1,5,0.9
1,1330,13.35,7,0.88,0,4,0.53
11,3011,94.04,18,0.04,1,7,0.49
5,1492,13.47,9,0.21,0,7,0.99
14,3952,35.99,25,0.02,1,5,0.42
2,937,13.55,1,0.81,0,4,0.89
2,411,9.7,2,0.63,0,6,0.97
1,978,16.2,7,0.38,1,5,0.72
3,541,23.34,1,0.94,0,4,0.64
2,1417,16.87,3,0.95,1,5,0.54
12,3971,71.91,13,0.15,1,5,0.26
2,857,14.3,5,0.89,0,6,0.44
9,3918,95.06,16,0.14,1,11,0.37
6,889,17.8,5,0.94,0,0,0.52
4,952,8.4,2,0.23,1,4,0.93
3,1395,8.16,9,0.88,1,1,0.65
4,918,22.66,4,0.45,0,2,0.69
1,1328,13.51,1,0.46,1,8,0.55
2,991,24.78,10,0.21,1,7,0.57
0,376,4.32,9,0.29,1,7,0.59
1,821,8.67,4,0.59,0,8,0.81
15,1261,63.09,19,0.18,1,9,0.18
1,372,20.86,10,0.52,0,5,0.49
11,1667,31.39,10,0.23,1,6,0.35
6,445,21.6,8,0.29,0,2,0.67
2,603,9.45,7,0.5,1,2,0.69
4,1398,10.2,9,0.72,1,6,0.82
5,1114,17.16,9,0.23,1,0,0.41
1,1259,2.8,2,0.26,0,0,0.41
6,283,9.99,4,0.89,0,4,0.64
5,728,24.75,4,0.61,1,2,0.47
2,1284,1.15,1,0.98,0,4,0.92
6,1175,22.13,9,0.77,0,0,0.93
0,535,12.77,8,0.98,0,5,0.46
3,962,13.67,3,0.25,0,1,0.86
8,2974,69.62,30,0.05,0,12,0.53
8,3907,39.44,18,0.09,1,5,0.49
0,987,24.22,2,0.73,0,0,0.83
3,770,11.16,9,0.94,0,4,0.44
2,783,6.48,2,0.73,0,7,0.88
2,418,11.1,1,0.6,1,0,0.53
9,2468,98.14,20,0.15,1,11,0.23
15,3349,52.09,20,0.04,0,6,0.51
5,3124,97.66,24,0.03,0,11,0.41
3,1480,0.04,8,0.36,0,1,0.46
2,255,24.76,7,0.46,1,6,0.61
3,1207,7.66,6,0.77,1,4,0.86
0,1030,23.5,4,0.63,1,6,0.71
1,749,4.78,3,0.65,0,5,0.85
5,1825,94.36,30,0.16,0,10,0.37
7,3250,30.52,14,0.12,0,5,0.44
3,256,17.73,5,0.41,1,8,0.54
2,891,1.75,10,0.44,1,4,0.78
3,204,4.34,5,0.21,0,2,0.8
9,2829,92.7,30,0.19,1,5,0.46
6,2465,63.59,30,0.23,1,12,0.26
10,2924,69.34,12,0.08,0,8,0.27
6,604,4.17,6,0.54,0,2,0.89
11,2632,86.98,29,0.25,0,9,0.47
5,661,14.89,9,0.33,1,8,0.56
5,1293,10.85,7,0.26,1,7,0.66
2,1485,24.09,1,0.88,0,2,0.43
6,401,8.18,9,0.63,1,7,0.91
5,1032,18.04,4,0.4,0,5,0.8
2,696,12.51,2,0.68,1,5,0.89
5,1006,15.26,2,0.63,0,7,0.66
3,687,21.48,3,0.78,1,2,0.58
12,2734,81.33,29,0.11,1,9,0.12
3,652,15.91,3,0.87,1,5,0.78
4,131,19.65,6,0.22,0,0,0.52
5,1479,3.68,3,0.79,0,0,0.47
2,1432,6.07,4,0.99,0,7,0.67
5,793,0.99,2,0.77,0,2,0.98
1,1375,7.97,6,0.81,1,4,0.46
2,1049,11.06,8,0.73,0,1,0.52
12,2485,76.91,8,0.1,0,6,0.12
3,1093,7.46,9,0.87,1,5,0.62
3,304,11.58,3,0.56,1,6,0.89
4,128,9.65,2,0.58,0,0,0.48
5,1188,18.79,1,0.99,0,5,0.51
4,325,1.29,4,0.32,0,8,0.61
3,937,8.21,7,0.2,1,2,0.51
3,1008,14.26,3,0.45,1,2,0.68
1,1431,1.03,10,0.52,0,1,0.71
2,1110,11.48,6,0.22,1,4,0.95
9,3507,46.14,18,0.21,1,12,0.4
9,2266,41.33,29,0.15,1,9,0.27
6,3859,32.14,23,0.25,1,7,0.55
4,1062,22.72,8,0.2,0,7,0.7
6,1059,15.72,1,0.93,0,3,0.43
1,943,4.88,10,0.55,1,4,0.85
2,1006,0.58,7,0.42,0,7,0.77
6,123,11.32,2,0.73,0,0,0.42
3,357,16.97,4,0.88,0,6,0.66
2,1319,5.82,6,0.85,1,5,0.56
12,2626,91.03,20,0.18,0,5,0.29
0,259,22.23,6,0.87,1,8,0.9
6,591,0.37,5,0.82,1,0,0.68
2,1043,24.25,3,0.46,1,3,0.88
6,3582,47.84,27,0.01,1,5,0.44
2,1440,7.57,3,0.87,0,7,0.78
0,110,21.53,4,0.93,0,3,0.62
11,2695,71.16,29,0.12,1,6,0.49
9,2868,66.16,19,0.12,1,11,0.39
3,1406,20.99,5,0.27,1,8,0.51
2,988,13.43,4,0.82,0,8,0.82
0,448,19.18,1,0.34,0,3,0.44
1,681,16.94,8,0.44,1,0,0.76
2,1481,16.94,3,0.42,0,2,0.99
0,846,13.6,4,0.64,1,0,0.99
6,964,8.91,7,0.59,1,6,0.77
4,220,8.17,9,0.96,1,6,0.86
4,759,18.66,3,0.69,0,0,0.84
1,960,17.91,8,0.46,1,6,0.81
6,1123,20.89,1,0.73,0,7,0.55
7,1853,53.69,30,0.02,1,6,0.3
2,1073,21.8,9,0.29,1,6,0.96
4,568,13.72,4,0.53,0,3,0.55
15,3961,26.4,9,0.13,1,6,0.19
2,508,9.62,9,0.38,1,7,0.9
4,1183,20.71,10,0.31,0,4,0.76
4,630,9.41,3,0.71,0,4,0.69
6,2255,73.4,12,0.05,0,6,0.54
13,3728,32.2,22,0.02,0,7,0.29
0,212,0.95,5,0.22,0,2,0.56
0,289,14.25,3,0.65,1,8,0.65
1,1189,1.54,10,0.54,0,5,0.47
0,1448,17.47,3,0.88,0,3,0.85
4,1378,21.63,2,0.49,0,8,0.87
0,598,2.87,6,0.34,1,1,0.57
7,3580,40.56,20,0.12,1,10,0.26
5,517,15.22,9,0.52,0,0,0.89
1,1270,21.34,3,0.68,0,7,0.97
0,1072,3.18,5,0.56,1,1,0.82
1,730,13.11,4,0.82,0,2,0.62
6,340,2.44,2,0.33,1,2,0.76
1,633,8.35,9,0.82,0,2,0.78
4,1211,10.47,10,0.82,1,4,0.71
0,1345,6.26,3,0.21,0,1,0.89
4,1448,8.21,9,0.77,1,1,0.92
13,2245,78.17,14,0.18,0,12,0.3
0,1313,0.75,8,0.65,1,7,0.79
6,123,7.67,8,0.6,1,4,0.48
0,700,15.42,1,0.32,0,6,0.61
1,503,21.45,5,0.3,1,6,0.68
5,281,23.96,8,0.8,1,0,0.97
14,1225,95.37,19,0.13,1,11,0.41
5,1270,9.29,10,0.56,1,1,0.66
1,410,20.69,10,0.55,0,0,0.47
1,125,12.17,2,0.62,0,7,0.53
6,1476,11.29,1,0.29,0,6,0.48
3,946,20.39,7,0.47,1,4,0.88
14,2262,93.72,30,0.18,0,10,0.21
2,124,12.7,2,0.89,1,8,0.93
4,1272,11.38,5,0.36,1,6,0.62
6,419,2.7,3,0.92,0,1,0.82
1,203,8.43,10,0.5,0,7,0.56
12,3857,39.73,27,0.2,1,10,0.43
2,700,11.07,9,0.86,1,7,0.52
2,1495,24.3,2,0.24,1,7,0.41
14,1526,69.69,17,0.08,1,8,0.51
0,138,18.96,6,0.8,0,4,0.55
3,111,4.42,1,0.93,0,2,0.4
4,883,11.93,1,0.92,1,6,0.51
1,758,16.55,1,0.99,1,0,0.86
7,1905,29.78,19,0.09,1,7,0.27
1,594,5.38,1,0.67,0,4,0.81
0,250,7.06,5,1.0,1,6,0.9
6,1073,13.8,5,0.6,0,2,0.92
5,244,5.5,7,0.45,0,2,0.69
6,740,7.83,9,0.95,1,4,0.86
1,379,12.53,6,0.5,1,6,0.58
0,1444,7.85,1,0.38,1,5,0.93
6,659,11.49,7,0.57,0,8,0.55
3,809,21.62,9,0.98,0,5,0.99
3,1050,20.43,3,0.64,1,2,0.48
4,1399,4.14,10,0.95,1,4,0.75
0,358,7.42,2,0.93,0,4,0.88
0,1458,8.01,4,0.83,1,4,0.66
3,820,22.33,5,0.63,1,0,0.99
3,232,24.56,1,0.76,1,6,0.58
4,264,22.81,5,0.46,0,8,0.56
0,254,23.02,3,0.48,1,8,0.49
12,1434,31.79,30,0.19,1,11,0.14
15,1477,80.34,20,0.16,1,11,0.4
6,736,18.1,7,0.75,1,1,0.48
2,1487,24.47,4,0.52,0,8,0.7
3,1371,19.22,5,0.74,0,5,0.57
0,1188,13.44,9,0.42,0,1,0.41
1,796,10.58,5,0.71,0,3,0.47
0,1494,21.38,10,0.67,1,6,0.84
3,1252,9.14,2,0.52,1,3,0.42
9,3833,26.02,10,0.23,0,9,0.35
5,607,16.98,6,0.98,0,7,0.45
10,2936,44.97,26,0.11,0,7,0.2
2,225,24.4,2,0.36,1,2,0.87
4,535,20.88,2,0.81,1,4,0.89
5,761,7.56,1,0.43,0,6,0.97
5,1394,0.7,1,0.6,0,6,0.53
1,889,22.08,8,0.71,0,3,0.96
0,948,12.48,2,0.45,0,4,0.98
2,1177,10.42,5,0.4,0,2,0.76
8,3783,21.12,27,0.07,1,8,0.52
5,1004,9.54,1,0.44,1,0,0.5
4,774,2.82,7,0.78,1,5,0.55
11,3969,22.14,14,0.17,1,5,0.49
1,309,10.23,3,0.45,1,8,0.53
4,870,7.73,7,0.9,0,0,0.42
5,625,7.87,2,0.79,0,3,0.91
6,744,9.19,4,0.78,0,7,0.9
3,1155,20.33,4,0.38,1,7,0.55
1,972,0.24,2,0.45,0,8,0.42
6,882,0.18,5,0.29,1,7,0.71
6,572,2.09,9,0.49,1,5,0.43
6,254,1.43,3,0.86,0,0,0.46
3,323,18.17,7,0.41,1,7,0.47
0,111,4.32,10,0.83,0,6,0.66
0,700,17.54,1,0.52,0,0,0.57
2,524,13.17,5,0.49,0,4,0.46
5,915,5.89,8,0.26,1,5,0.4
5,674,19.87,6,0.87,0,1,0.55
3,1137,12.12,1,0.55,0,3,0.69
2,827,23.43,5,0.45,0,0,0.96
2,819,18.37,9,0.32,0,5,0.78
4,808,19.73,1,0.35,1,2,0.4
4,943,7.26,3,0.66,1,3,0.88
5,465,15.68,9,0.52,0,1,0.56
1,486,1.54,8,0.22,0,5,0.76
6,784,0.36,7,0.62,0,4,0.47
0,1100,1.39,2,0.29,0,5,0.88
6,1488,9.64,4,0.64,0,6,0.48
3,1495,17.59,9,0.56,0,4,0.43
6,230,10.16,3,0.87,1,4,0.65
6,296,19.68,8,0.85,1,6,0.45
5,791,21.47,1,0.28,0,2,0.62
0,1337,1.2,5,0.99,1,6,0.6
0,1187,10.2,8,0.25,1,0,0.85
1,258,2.46,7,0.69,1,1,0.47
6,481,12.21,5,0.7,1,0,0.77
3,549,12.39,3,0.85,0,4,0.65
5,1372,16.56,9,0.41,0,6,0.84
1,343,17.34,2,0.38,1,0,0.7
3,1251,12.49,6,0.69,0,5,0.8
6,677,19.79,9,0.3,1,6,0.89
1,1205,18.25,8,0.28,0,6,0.76
6,693,21.68,8,0.96,0,3,0.89
4,451,24.95,7,0.51,0,7,0.73
5,188,8.54,3,0.89,0,7,0.99
4,304,12.86,4,0.8,0,5,0.43
5,549,24.6,3,0.51,0,3,0.98
1,721,24.74,9,0.46,1,0,0.68
1,961,2.88,5,0.63,0,3,0.95
6,921,19.48,4,0.45,0,1,0.87
4,1319,5.72,3,0.59,0,6,0.51
2,641,12.91,6,0.86,1,2,0.79
4,686,15.5,3,0.56,1,7,0.78
2,119,19.6,4,0.25,1,6,0.72
0,1033,20.66,5,0.39,0,8,0.44
2,292,11.0,4,0.45,0,4,0.73
5,924,11.11,4,0.64,0,8,0.93
3,488,12.07,4,0.58,0,6,1.0
2,1039,11.24,3,0.92,1,8,0.44
2,644,0.01,2,0.68,0,5,0.82
5,964,3.56,3,0.36,0,6,0.96
5,3347,55.58,19,0.2,1,10,0.46
2,169,20.77,3,0.21,0,2,0.53
2,561,6.47,2,0.5,1,8,0.75
9,2430,29.62,30,0.13,1,5,0.54
9,3435,43.41,8,0.21,1,9,0.41
1,1281,2.4,6,0.24,1,8,0.88
0,863,17.23,9,0.23,0,4,0.67
2,1082,24.98,1,0.92,1,4,0.6
2,1077,24.85,6,0.82,1,6,0.58
2,1009,1.53,2,0.61,1,8,0.68
2,108,5.47,3,0.29,0,1,0.67
6,602,20.55,9,0.68,1,7,0.83
5,904,10.85,7,0.61,0,2,0.82
2,472,11.56,3,0.47,0,0,0.77
5,1288,13.88,5,0.67,1,1,0.76
4,244,13.2,6,0.73,0,4,0.7
4,1400,19.75,9,1.0,0,5,0.57
5,900,22.78,4,0.31,0,8,0.6
14,3661,55.21,12,0.03,0,9,0.52
0,662,14.18,4,0.8,1,2,0.91
6,210,21.97,8,0.71,1,1,0.76
6,1466,23.23,5,0.64,1,1,0.98
1,1049,19.92,4,0.28,0,7,0.46
8,2093,91.05,26,0.11,0,5,0.34
0,593,22.05,8,0.87,1,0,0.6
2,1483,23.98,3,0.29,1,2,0.79
6,1360,18.46,8,0.43,1,5,0.82
0,1390,10.88,3,0.99,1,3,0.67
3,384,11.86,10,0.43,1,5,0.79
1,297,12.36,7,0.93,0,5,0.59
6,3675,37.16,24,0.2,0,5,0.16
3,500,16.05,3,0.6,1,6,0.88
5,1392,16.73,1,0.35,0,4,0.71
4,352,13.84,1,0.79,1,1,0.8
3,1120,23.63,4,0.89,0,0,0.64
5,766,4.96,5,0.59,1,0,0.9
6,3296,38.57,17,0.09,1,10,0.12
13,3485,51.37,9,0.2,1,6,0.37
5,3901,24.1,9,0.03,0,5,0.28
3,754,16.36,6,0.62,0,5,0.46
5,896,10.75,1,0.51,0,7,0.65
13,3872,55.85,30,0.25,0,9,0.19
2,413,19.25,6,0.59,1,5,0.66
3,1019,14.28,5,0.81,1,3,0.92
5,1159,10.44,10,0.58,1,8,0.9
4,466,14.48,4,0.22,0,1,0.42
2,763,15.59,4,0.29,1,1,0.61
0,871,21.58,3,0.3,1,7,0.65
1,1062,3.53,5,0.47,1,3,0.46
3,1150,17.65,8,0.8,0,3,0.82
2,190,4.98,5,0.78,1,2,0.93
0,573,10.06,10,0.88,1,1,0.5
3,326,11.72,5,0.39,1,2,0.63
4,473,16.11,8,0.68,1,7,0.71
1,1464,6.53,6,0.24,1,8,0.7
4,436,2.67,9,0.72,1,4,0.44
0,861,14.09,9,0.41,1,2,0.47
5,1014,20.59,4,0.85,0,1,0.88
6,1042,1.17,5,0.91,0,1,0.81
4,752,19.42,4,0.25,1,3,0.67
5,996,2.34,2,0.84,0,8,0.76
1,936,20.28,1,0.6,1,0,0.49
6,793,22.78,2,0.69,1,2,0.56
8,2578,57.78,19,0.08,0,5,0.14
0,960,14.98,6,0.8,1,0,0.94
3,596,0.85,5,0.47,0,4,0.49
5,2779,83.14,15,0.17,0,11,0.53
6,1150,3.04,1,0.64,1,1,0.56
3,184,23.07,8,0.93,0,2,0.72
2,733,1.71,10,0.31,1,3,0.64
1,427,22.29,10,0.99,0,2,0.94
2,1487,10.27,4,0.86,1,1,0.81
1,545,6.57,3,0.59,1,1,0.86
5,2402,89.45,8,0.2,0,10,0.12
3,180,11.83,8,0.81,1,6,0.88
2,1300,10.31,10,0.33,1,7,0.93
1,118,5.62,10,0.64,0,2,0.41
4,1273,10.42,10,0.3,0,2,0.92
0,862,12.76,6,0.5,1,2,0.5
7,2422,73.32,25,0.05,1,7,0.52
3,1406,17.63,6,0.33,0,8,0.65
8,2078,51.61,23,0.23,0,9,0.27
3,740,8.9,4,0.38,1,5,0.84
2,1329,20.32,2,0.74,1,5,0.71
15,1854,88.2,9,0.07,1,8,0.25
5,1222,2.71,8,0.34,1,8,0.77
4,758,20.88,2,0.4,0,8,0.56
5,220,17.19,10,0.9,1,4,0.73
0,932,15.07,10,0.67,1,3,1.0
3,114,12.39,1,0.95,1,7,0.82
4,212,19.52,2,0.59,1,6,0.98
6,167,4.02,3,0.74,1,6,0.49
6,1195,6.75,8,0.43,0,3,0.84
6,1316,18.38,9,0.89,0,8,0.72
0,231,21.76,7,0.45,0,7,0.95
1,371,11.68,8,0.48,0,5,0.58
2,1141,21.5,8,0.28,1,6,0.59
14,2338,67.2,22,0.15,0,5,0.24
0,511,5.87,9,0.69,1,5,0.49
4,1487,17.92,1,0.54,0,0,0.72
3,566,16.85,6,0.31,1,3,0.99
0,864,19.01,1,0.31,1,4,0.92
0,1190,13.13,10,0.54,1,1,0.44
6,1204,24.72,4,0.42,0,2,0.95
6,790,6.62,7,0.65,1,5,0.81
4,485,19.71,2,0.29,1,8,0.82
4,1320,14.78,10,0.48,1,0,0.87
3,1395,23.95,3,0.56,1,2,0.73
4,786,9.07,10,0.42,1,1,0.62
4,349,3.22,4,0.87,1,3,0.72
2,721,3.57,7,0.64,1,7,0.55
3,204,15.89,1,0.59,0,3,0.43
5,1114,11.33,10,0.98,0,4,0.86
2,100,0.57,1,0.8,0,0,0.42
5,585,24.09,1,0.89,1,3,0.63
2,781,9.99,7,0.43,1,4,0.77
5,789,14.8,8,0.77,1,5,0.57
6,293,9.54,5,0.96,0,3,0.46
1,576,2.77,1,0.5,1,3,0.73
6,598,21.09,1,0.64,1,7,0.72
4,263,21.4,7,0.4,0,8,0.92
6,447,16.34,2,0.42,0,8,0.64
5,539,18.16,3,0.83,0,2,0.57
2,1290,9.25,8,0.38,0,3,0.98
12,1304,37.55,14,0.03,0,9,0.28
3,805,1.27,4,0.76,0,2,0.51
1,644,15.78,2,0.71,1,2,0.45
3,1026,18.26,3,0.22,1,6,0.67
10,1856,81.71,30,0.06,1,8,0.54
1,1185,13.48,2,0.23,1,5,0.79
7,2788,88.47,19,0.08,1,11,0.43
1,203,17.44,4,0.94,1,3,0.54
0,460,7.01,7,0.47,0,3,0.74
4,916,17.25,2,0.53,1,8,0.78
8,2314,25.26,13,0.2,1,5,0.31
0,185,0.47,2,0.87,1,7,0.72
13,1877,79.41,16,0.12,0,10,0.36
1,1448,6.16,1,0.35,1,5,0.84
4,1263,4.84,3,0.41,0,7,0.47
4,340,2.15,10,0.96,0,0,0.73
3,569,20.69,2,0.23,0,2,0.76
12,2537,28.56,27,0.21,1,8,0.34
6,305,6.69,3,0.51,0,0,0.66
6,360,9.67,9,0.45,0,2,0.6
3,440,17.22,2,0.44,1,8,0.68
1,1379,0.8,5,0.22,1,3,0.64
12,3391,90.8,13,0.05,1,6,0.12
2,1447,14.93,6,0.5,0,8,0.97
2,383,19.8,4,0.27,1,6,0.48
3,324,12.96,2,0.95,1,0,0.69
3,173,15.77,8,0.86,1,4,0.64
5,914,12.77,4,0.8,1,1,0.63
0,1298,20.81,2,0.69,1,2,0.42
7,3745,96.05,26,0.03,0,12,0.38
0,1407,16.27,1,0.21,1,1,0.86
4,258,15.52,5,0.99,1,7,0.44
6,3514,79.45,8,0.25,1,9,0.33
3,1146,2.39,8,0.54,1,6,1.0
5,333,23.16,2,0.84,1,3,0.93
1,972,17.04,7,0.45,1,6,0.77
9,2324,75.92,22,0.2,1,11,0.22
1,854,23.1,3,0.94,1,5,0.77
4,378,14.76,6,0.94,0,4,0.52
2,1395,11.77,3,0.38,1,8,0.62
1,1442,2.17,7,0.88,0,7,0.45
5,1376,20.31,9,0.77,1,5,0.82
5,717,23.89,5,0.47,0,2,0.45
3,307,15.06,2,0.82,0,4,0.6
5,667,6.49,2,0.86,1,8,0.54
10,2755,87.01,18,0.14,1,9,0.39
3,851,0.77,5,0.24,0,8,0.71
14,1903,27.36,29,0.12,0,12,0.49
5,226,23.88,8,0.5,1,4,0.66
4,113,1.56,3,0.95,0,7,0.56
2,1290,18.58,4,0.76,1,4,0.44
9,1701,75.58,16,0.09,0,11,0.1
4,810,9.76,4,0.78,1,7,0.96
6,452,23.62,5,0.82,0,1,0.86
10,2807,74.45,15,0.03,0,9,0.3
10,2965,44.93,20,0.24,0,10,0.45
6,1140,6.25,10,0.61,1,2,0.96
0,454,21.8,3,0.35,1,4,0.49
13,3508,34.86,27,0.17,0,6,0.53
1,138,20.89,9,1.0,0,7,0.49
0,227,2.08,9,0.33,1,7,0.66
6,1385,16.9,9,0.37,1,7,0.78
0,1175,14.63,7,0.38,1,8,0.85
2,1327,2.84,9,0.51,1,3,0.7
1,108,4.82,7,0.47,0,1,0.82
1,1390,1.95,5,0.94,0,4,0.5
5,137,15.04,8,0.87,1,6,0.48
5,1049,13.78,10,0.65,0,2,0.9
5,1486,21.6,1,0.3,0,2,0.54
4,982,22.16,2,0.53,1,5,0.74
4,1285,10.9,10,0.44,0,6,0.81
7,1592,99.29,26,0.12,1,10,0.42
0,633,1.94,8,0.25,0,5,0.93
2,971,14.97,1,0.39,1,4,0.47
5,2895,97.14,11,0.15,0,5,0.55
5,1459,15.21,7,0.28,0,0,0.47
3,906,22.72,2,0.71,1,6,0.85
3,551,8.57,1,0.64,1,5,0.62
3,789,1.5,10,0.84,0,1,0.98
4,726,22.86,4,0.74,0,4,0.84
6,828,9.46,6,0.33,1,4,0.44
5,1145,22.03,1,0.86,0,0,0.87
2,981,4.79,2,0.78,1,0,0.95
5,2031,53.5,18,0.14,0,12,0.1
6,254,5.72,10,0.97,1,7,0.4
8,1963,89.3,30,0.23,1,5,0.13
3,221,16.27,5,0.79,1,4,0.84
1,1403,21.49,2,0.75,1,7,0.95
4,378,6.76,4,0.7,0,8,0.85
1,1064,8.62,4,0.94,1,1,0.5
2,1213,8.46,4,0.79,1,5,0.59
9,2492,86.91,13,0.24,0,11,0.41
0,1324,13.63,10,0.4,0,7,0.94
2,191,20.01,10,0.6,0,7,0.85
8,2492,29.16,20,0.13,0,6,0.38
4,1205,0.5,8,0.33,0,7,0.82
3,1132,2.6,10,0.85,0,1,0.85
1,791,15.79,5,0.33,0,3,0.61
15,3862,97.35,22,0.16,1,8,0.13
5,332,22.11,10,0.29,0,6,0.59
5,942,3.07,9,0.97,1,0,0.81
15,2929,51.89,23,0.1,0,7,0.52
0,672,17.38,9,0.51,0,5,0.69
6,283,2.75,4,0.61,0,1,0.88
0,849,9.87,5,0.77,0,3,0.46
1,1490,1.15,10,0.45,0,6,0.58
7,2910,69.33,30,0.11,0,10,0.4
1,1325,0.0,2,0.72,1,8,0.73
0,804,10.0,1,0.26,0,0,0.61
0,920,7.0,8,0.35,1,1,0.81
3,151,14.03,10,0.82,0,2,0.88
4,1459,0.74,9,0.53,1,5,0.72
1,767,7.75,9,0.72,0,5,0.93
2,1424,20.26,9,0.54,0,1,0.92
8,2232,27.96,24,0.02,1,12,0.1
5,2225,42.54,24,0.09,1,5,0.21
9,1559,22.93,11,0.17,1,6,0.49
0,1201,20.5,10,0.36,1,8,0.89
4,292,21.6,8,0.86,1,1,0.55
13,2421,95.42,24,0.11,0,6,0.32
4,917,16.22,9,0.73,1,3,0.84
0,1253,19.96,4,0.5,1,0,0.47
13,3246,59.57,17,0.05,1,6,0.51
4,1254,23.94,3,0.23,0,7,0.98
0,456,24.71,10,0.74,0,6,0.61
0,524,9.62,10,0.34,0,1,1.0
1,1358,15.77,7,0.31,0,2,0.73
6,3064,62.84,22,0.23,0,8,0.3
6,1232,5.13,7,0.73,0,6,0.84
3,348,20.6,10,0.89,0,4,0.47
8,3851,60.52,30,0.19,1,5,0.28
2,1094,24.5,5,0.96,0,8,0.57
5,411,19.58,4,0.82,0,1,0.62
4,411,2.9,2,0.56,1,7,0.41
6,180,3.9,2,0.92,0,7,0.71
1,541,13.5,7,0.37,0,0,0.91
0,1406,15.85,4,0.32,0,1,0.96
1,334,4.16,4,0.33,1,6,0.94
1,337,24.39,6,0.31,1,2,0.83
5,124,18.81,1,0.84,1,2,0.9
3,1186,20.89,2,0.27,1,7,0.49
0,996,0.99,1,0.27,1,0,0.63
6,962,23.01,4,0.91,1,0,0.64
0,1316,0.01,3,0.94,0,8,0.64
6,1120,13.67,10,0.97,1,4,0.88
7,2115,70.61,27,0.12,0,9,0.17
5,1267,13.94,1,0.39,0,0,0.49
0,680,9.06,6,0.52,0,8,0.99
0,863,4.11,4,0.4,0,0,0.74
6,3997,50.58,8,0.07,1,9,0.12
3,755,11.09,8,0.81,0,6,0.7
3,787,15.9,1,0.71,0,8,0.59
2,187,7.53,7,1.0,0,3,0.99
3,1148,19.09,7,0.46,1,5,0.96
3,1385,1.31,3,0.92,1,0,0.81
1,575,8.57,1,0.3,0,6,0.57
5,602,16.99,7,0.96,1,2,0.52
1,1185,1.72,4,0.24,0,4,0.89
6,1166,18.87,10,0.74,0,5,0.82
5,212,5.6,5,0.55,0,2,0.42
3,789,13.51,7,0.96,1,2,0.81
1,366,18.31,7,0.61,0,4,0.47
2,573,15.19,5,0.88,0,2,0.47
0,585,5.68,5,0.8,1,3,0.9
2,998,10.48,7,0.64,1,0,0.43
0,462,12.81,3,0.83,0,5,0.69
1,1283,22.13,2,0.94,1,1,0.81
0,762,19.17,6,0.48,0,2,0.6
6,683,24.27,5,0.32,0,2,0.99
1,456,2.94,10,0.43,1,5,0.4
1,401,16.08,6,0.72,1,1,0.98
1,1139,8.46,10,0.73,1,3,0.43
2,1462,1.45,10,0.31,1,6,0.94
0,193,13.81,3,0.47,1,3,0.47
4,214,18.83,10,0.77,0,7,0.45
12,2334,51.52,8,0.01,0,10,0.45
5,651,23.88,2,0.94,0,8,0.73
3,1073,24.98,9,0.66,0,4,0.43
1,1389,19.83,1,0.69,1,0,0.5
4,438,2.43,4,0.52,1,4,0.62
3,313,12.02,8,0.82,1,1,0.72
6,938,19.24,8,0.41,0,8,0.53
5,870,16.73,8,0.81,1,6,0.95
5,133,5.73,3,0.25,1,8,0.65
4,1055,13.47,2,0.25,1,5,0.64
0,1441,3.24,2,0.51,0,2,0.4
7,2497,37.82,21,0.05,0,11,0.14
1,1172,17.2,10,0.32,1,7,0.89
1,1320,16.63,6,0.99,1,4,0.52
4,1333,18.25,9,0.85,1,5,0.73
1,1280,21.93,8,0.61,0,1,0.41
1,1384,6.22,3,0.58,0,6,0.69
6,1310,14.73,1,0.4,1,4,0.9
3,216,8.36,2,0.4,0,4,0.44
4,1499,3.08,8,0.53,1,1,0.62
5,500,2.27,1,0.51,0,8,0.79
3,1119,9.28,7,0.62,0,8,0.42
1,1163,21.11,2,0.92,1,7,0.46
4,219,1.37,2,0.44,1,3,0.74
5,908,5.62,6,0.9,0,7,0.87
1,842,8.24,9,0.82,0,3,0.77
4,991,5.55,1,0.81,1,1,0.58
4,1072,7.14,3,0.21,1,1,0.77
5,1268,15.49,5,0.56,0,6,0.97
15,3123,32.18,11,0.06,1,11,0.31
3,1414,17.9,3,0.84,0,0,0.57
6,1464,22.62,7,0.42,0,1,0.72
12,3904,57.09,24,0.03,1,9,0.15
0,1297,11.83,2,0.8,0,4,0.43
1,695,11.87,4,0.31,0,6,0.46
6,1092,3.17,4,0.59,1,5,0.93
1,265,19.53,4,0.84,0,2,0.98
6,1320,2.69,4,0.74,0,3,0.56
1,985,12.72,2,0.24,0,0,0.44
1,894,14.45,3,0.79,1,1,0.67
5,522,23.57,10,0.89,1,7,0.98
5,446,19.44,10,0.42,0,2,0.78
15,1632,53.94,25,0.15,1,7,0.48
0,1467,23.31,6,0.26,0,4,0.95
4,176,8.87,7,0.81,0,4,0.71
0,1221,5.88,8,0.22,1,8,0.79
6,1052,15.36,1,0.38,1,6,0.48
1,1052,16.49,1,0.24,1,0,0.83
6,969,24.46,10,0.21,1,7,0.57
6,417,11.39,2,0.39,1,1,0.7
0,261,6.98,7,0.58,0,2,0.86
6,728,23.44,5,0.84,0,2,0.48
0,662,13.72,6,0.68,0,1,0.49
5,737,13.16,3,0.74,0,6,0.5
1,295,9.54,6,0.28,1,1,0.55
1,450,18.31,1,0.54,1,0,0.46
11,1293,58.78,15,0.05,1,11,0.36
3,723,11.21,1,0.37,1,4,0.72
4,757,8.05,10,0.47,1,4,0.93
3,455,22.16,7,0.45,1,2,0.8
3,281,21.32,8,0.95,1,4,0.75
5,842,6.26,6,0.76,1,1,0.73
1,1257,19.39,8,0.9,1,8,0.64
3,932,18.95,7,0.7,1,5,0.96
4,851,12.32,10,0.87,1,0,0.97
4,973,7.87,5,0.97,1,0,0.59
3,366,11.07,1,0.21,0,7,0.41
6,1903,89.99,19,0.1,1,11,0.1
2,1304,15.67,3,0.37,0,0,0.64
0,174,8.43,1,0.85,0,4,0.64
6,1301,19.87,7,0.3,0,3,0.71
2,875,22.13,1,0.28,0,4,0.78
11,1222,54.33,17,0.0,0,8,0.14
2,100,17.56,7,0.97,1,5,0.41
4,376,23.61,8,0.75,1,6,0.46
4,328,23.89,10,0.37,1,5,0.71
1,1479,24.01,2,0.42,1,2,0.63
3,1127,11.02,1,0.29,1,8,0.69
2,690,3.89,9,0.95,0,1,0.45
15,1299,77.57,18,0.21,1,9,0.17
4,331,7.87,4,0.25,0,0,0.81
5,545,16.02,4,0.43,1,3,0.74
1,886,20.34,9,0.78,0,2,0.76
1,200,12.83,5,0.67,1,8,0.75
0,1340,4.42,10,0.23,0,1,0.69
4,1067,7.54,7,0.43,0,5,0.77
5,686,19.63,2,0.85,1,3,0.43
5,1427,5.35,3,0.36,1,3,0.53
3,329,23.34,6,0.49,1,5,0.46
4,942,17.94,6,0.98,0,7,0.55
3,1382,7.91,8,0.46,1,7,0.53
3,1464,10.72,1,0.97,1,3,0.82
15,1914,76.08,28,0.07,1,10,0.31
3,1162,0.69,6,0.23,1,0,0.93
9,2183,77.35,27,0.12,1,11,0.42
5,197,7.24,7,0.73,0,7,0.91
14,2381,92.46,8,0.11,1,9,0.38
4,1290,6.97,3,0.85,1,8,0.92
1,689,5.19,10,0.47,1,3,0.72
9,1418,61.6,28,0.03,1,9,0.26
5,1247,23.78,7,0.79,0,4,0.72
2,1384,21.64,9,0.72,1,0,0.46
2,431,6.94,1,0.75,1,3,0.76
0,245,0.17,9,0.69,1,7,0.81
6,1222,6.37,9,0.77,0,7,0.92
0,746,17.94,7,0.87,0,8,0.59
5,464,12.56,5,0.55,0,7,0.6
1,209,5.45,6,0.82,0,1,0.48
3,960,12.84,1,0.41,1,3,0.51
4,1382,0.51,9,0.78,1,0,0.88
0,765,16.78,9,0.3,1,1,0.73
4,1121,16.81,7,0.97,1,5,0.97
3,269,7.56,3,0.43,0,4,0.56
5,1216,4.89,7,0.29,1,8,0.86
0,136,10.16,2,0.88,0,7,0.66
0,326,20.04,10,0.66,0,8,0.47
0,1116,13.19,8,0.74,1,7,0.82
4,989,9.89,6,0.25,0,6,0.89
6,3499,94.54,17,0.1,1,8,0.26
6,355,1.62,10,0.76,0,7,0.57
4,1106,6.53,9,0.83,0,3,0.54
5,435,21.63,6,0.58,0,0,0.56
4,950,5.77,8,0.41,0,5,0.92
1,1318,15.36,10,0.7,1,6,0.92
0,157,8.36,10,0.98,0,3,0.78
4,1235,0.29,8,0.38,0,6,0.52
0,893,18.74,7,0.4,0,1,0.5
4,812,18.16,2,0.63,0,8,0.95
3,1285,20.16,4,0.82,1,1,0.98
15,3873,39.29,25,0.2,0,7,0.25
1,993,17.12,9,0.77,0,6,0.9
5,1140,15.95,2,0.59,1,0,0.79
8,2514,47.44,17,0.06,0,6,0.38
4,123,11.0,9,0.67,0,2,0.92
6,723,2.95,7,0.61,0,1,0.81
5,1397,11.81,4,0.5,1,4,0.46
2,791,4.57,10,0.33,1,7,0.45
15,3226,98.72,27,0.12,1,8,0.52
6,587,7.12,5,0.49,0,0,0.89
5,123,5.88,1,0.73,1,8,0.87
7,2963,69.89,12,0.12,0,8,0.12
1,280,6.83,3,0.81,1,4,0.84
5,311,16.07,7,0.83,1,0,0.93
4,1357,24.75,3,0.65,1,7,0.52
6,298,22.67,8,0.72,1,2,0.62
6,3436,80.67,24,0.06,0,11,0.45
4,170,7.56,8,0.94,0,4,0.46
11,3848,78.23,22,0.23,0,9,0.38
1,885,22.12,7,0.97,0,3,0.55
2,568,8.9,6,0.87,1,7,0.86
1,231,10.46,8,0.73,0,4,0.76
3,392,3.91,6,0.99,0,2,0.52
0,807,19.03,8,0.39,0,7,0.9
5,2232,77.23,12,0.13,0,6,0.12
6,561,15.8,7,0.61,0,5,0.68
5,3221,29.57,16,0.21,0,6,0.46
6,1471,1.81,1,0.91,0,6,0.58
5,254,1.76,9,0.63,0,2,0.63
2,592,10.82,4,0.4,1,5,0.64
2,1405,18.64,4,0.67,1,0,0.74
5,1394,5.65,10,0.77,0,3,0.78
3,675,1.61,3,0.49,1,5,0.66
6,144,14.56,7,0.24,1,8,0.63
14,3026,91.9,30,0.11,1,7,0.38
6,538,2.11,4,0.34,0,2,0.78
11,1965,50.22,8,0.13,0,8,0.29
9,1474,90.39,30,0.24,0,8,0.16
3,991,4.24,4,0.31,0,2,0.5
4,1111,11.2,5,0.4,1,3,0.5
0,182,6.56,2,0.39,1,5,0.68
1,986,9.5,1,0.61,0,4,0.94
5,222,22.4,4,0.85,1,8,0.67
1,1183,5.27,4,0.24,0,7,0.53
6,1070,3.05,9,0.27,1,7,0.66
3,471,11.11,8,0.27,0,7,0.66
2,372,24.71,3,0.6,1,8,0.87
13,1962,30.18,18,0.04,0,5,0.47
2,551,9.82,6,0.98,0,6,0.58
0,172,10.29,6,0.98,1,4,0.85
1,941,10.48,10,0.49,1,2,0.76
5,1271,4.08,1,0.59,0,0,0.82
13,1721,43.01,27,0.24,0,6,0.34
4,886,23.61,10,0.21,0,3,0.63
6,2243,56.71,19,0.14,1,6,0.17
6,1471,1.85,4,0.9,1,5,0.83
6,168,2.88,1,0.64,1,2,0.46
3,999,16.87,8,0.47,1,3,0.74
5,358,16.87,9,0.63,1,3,0.73
8,3730,44.79,25,0.13,0,10,0.29
0,316,14.46,9,0.41,0,0,0.84
5,939,17.73,10,0.36,1,5,0.74
0,414,10.87,3,0.25,1,7,0.65
3,1050,19.43,9,0.29,1,1,0.75
6,777,20.11,5,0.24,1,2,0.65
2,684,7.62,6,0.64,1,0,0.96
2,566,21.36,8,0.31,1,0,0.74
4,402,20.7,4,0.71,0,0,0.74
1,1250,0.12,4,0.21,1,3,0.89
5,2781,94.77,20,0.19,0,9,0.31
4,692,1.86,2,0.67,1,7,0.48
5,1026,16.73,6,0.33,1,2,0.84
5,907,8.75,8,0.88,0,1,0.87
3,741,4.7,5,0.27,0,0,0.69
0,923,24.52,1,0.32,0,5,0.54
2,131,6.33,2,0.83,1,8,0.88
2,976,17.04,9,0.79,1,1,0.43
3,626,20.19,10,0.81,0,5,0.92
1,389,21.75,5,0.41,0,6,0.63
4,1464,19.48,1,0.63,0,8,0.79
1,286,16.74,2,0.65,1,1,0.92
3,715,16.16,8,0.82,0,6,0.82
14,1538,73.76,22,0.11,1,8,0.25
4,175,10.55,9,0.91,1,0,0.49
4,1416,0.75,5,0.24,1,6,0.82
11,2314,86.24,10,0.18,0,5,0.17
2,641,1.91,9,0.86,0,6,0.5
1,896,19.31,3,0.81,1,2,0.5
5,1071,11.86,10,0.83,1,1,0.49
5,1347,3.36,2,0.92,0,5,0.94
5,1335,22.6,3,0.49,1,4,0.78
0,169,10.15,1,0.53,1,6,0.81
0,1486,14.92,9,0.73,1,8,0.95
15,2160,32.33,17,0.13,0,9,0.3
6,914,13.36,1,0.79,1,8,0.56
4,1319,20.46,9,0.29,0,6,0.97
2,1280,17.83,5,0.37,0,3,0.62
12,2609,70.35,9,0.01,0,5,0.21
6,126,6.81,4,0.57,0,4,0.57
6,237,17.0,7,0.62,1,3,0.97
2,137,23.33,1,0.49,0,0,0.87
2,224,17.74,5,0.74,0,5,0.57
1,1465,3.9,10,0.27,0,8,0.86
6,1109,3.06,10,0.82,1,1,0.86
3,1291,20.91,9,0.45,1,3,0.7
0,324,9.99,1,0.35,1,6,0.43
6,842,1.56,10,0.37,1,5,0.54
6,1165,2.79,5,0.56,1,2,0.98
12,3432,39.01,29,0.06,0,11,0.39
3,1055,9.35,7,0.99,0,2,0.81
3,687,4.84,2,0.21,0,8,0.99
1,1359,11.1,1,0.92,1,1,0.86
4,1297,18.48,4,0.9,1,4,0.84
5,958,6.38,3,0.46,1,1,0.55
10,1957,42.81,23,0.03,1,10,0.26
6,1601,70.3,25,0.09,1,9,0.26
1,1254,15.7,3,0.4,0,4,0.52
0,442,16.29,5,0.33,0,0,0.82
5,783,13.88,7,0.73,1,0,0.89
4,1017,7.8,9,0.5,1,6,0.43
5,1199,19.19,10,0.85,0,2,0.73
10,1809,26.18,26,0.19,1,6,0.42
3,962,15.59,3,0.37,1,2,0.67
0,1257,17.62,2,0.96,1,0,0.87
3,870,6.11,10,0.59,1,8,0.77
0,1053,14.36,1,0.33,1,8,0.87
13,3147,68.54,29,0.19,0,9,0.33
0,1242,1.48,7,0.42,0,1,0.77
8,3203,27.29,26,0.04,1,7,0.24
13,2507,46.31,24,0.08,0,10,0.12
4,1134,18.71,6,0.54,0,5,0.49
6,653,4.96,10,0.99,1,4,0.57
5,104,23.58,6,0.83,1,4,0.56
1,1059,1.52,7,0.51,0,0,0.47
6,1393,5.53,1,0.45,0,8,0.75
10,2896,83.68,21,0.2,0,8,0.35
10,3278,31.17,9,0.12,0,8,0.49
6,531,22.86,2,0.82,1,5,0.96
15,2770,36.95,9,0.11,0,10,0.44
0,523,17.21,8,0.27,0,2,0.51
1,1145,17.21,10,0.95,1,2,0.68
6,862,24.93,8,0.71,0,1,0.66
2,631,0.49,10,0.56,0,4,0.4
4,389,5.12,8,0.3,0,8,0.46
2,1054,16.7,1,0.76,0,2,0.76
3,1084,17.71,5,0.84,1,8,0.41
3,1080,17.18,2,0.69,1,7,0.98
0,1228,8.77,6,0.63,0,5,0.42
1,1451,1.93,8,0.39,1,6,0.73
6,1295,6.46,9,0.3,1,5,0.52
6,1410,20.25,3,0.8,0,0,0.64
6,1406,20.25,4,0.7,1,7,0.83
1,1253,5.74,5,0.97,0,3,0.52
2,992,22.48,4,0.51,0,6,0.46
5,1103,23.26,10,0.33,1,1,0.98
1,1004,4.68,6,0.35,0,8,0.65
7,2966,75.53,15,0.21,0,9,0.23
7,1804,75.71,24,0.08,1,9,0.44
6,751,23.75,2,0.61,1,0,0.78
2,1237,21.27,3,0.87,0,0,0.69
15,3114,56.4,29,0.12,0,8,0.41
2,930,15.42,10,0.94,0,2,0.44
6,854,6.22,4,0.92,0,7,0.43
5,1445,9.66,10,0.57,0,8,0.74
1,136,13.32,1,0.6,1,0,0.89
6,129,11.77,9,0.46,0,4,0.89
6,896,13.15,9,0.56,1,3,0.6
1,438,23.15,7,0.8,1,5,0.65
6,1153,16.78,9,0.35,1,4,0.73
3,131,12.84,9,0.2,1,3,0.86
1,1142,19.75,1,0.71,1,0,0.83
5,1482,16.71,3,0.72,1,7,0.42
2,143,1.89,4,0.74,1,7,0.44
6,467,1.62,7,0.67,1,7,0.96
5,1352,23.63,1,0.2,0,7,0.52
6,1384,5.78,2,0.41,0,7,0.92
2,1063,3.61,1,0.74,1,8,0.99
5,773,15.89,6,0.47,0,3,0.89
6,1488,10.27,1,0.73,0,1,0.74
5,683,17.29,10,0.71,1,8,0.6
6,996,11.37,3,0.4,0,6,0.81
6,570,9.11,9,0.93,0,0,0.77
5,1195,18.77,9,0.61,0,5,0.58
2,1364,1.48,1,0.32,1,4,0.7
0,1479,18.62,2,0.4,1,2,0.84
2,1170,14.4,6,0.48,0,3,0.54
6,489,2.48,5,0.51,0,1,0.65
5,736,1.34,2,0.25,1,0,0.68
13,2813,59.58,19,0.15,1,10,0.32
0,1012,8.24,5,0.72,1,8,0.59
3,226,12.69,1,0.64,1,2,0.47
6,427,8.68,4,0.95,1,8,0.9
13,2335,34.75,13,0.0,1,9,0.52
2,158,14.88,7,0.45,0,2,0.59
4,621,14.24,3,0.87,0,0,0.64
3,150,0.11,2,0.21,0,5,0.89
4,1443,14.37,6,0.78,0,4,0.42
5,3840,44.53,22,0.17,1,9,0.42
3,342,23.2,3,0.52,0,5,0.55
2,1024,2.98,9,0.42,0,3,0.74
3,970,23.29,7,0.91,0,6,0.5
4,689,8.9,2,0.57,1,2,0.84
3,372,3.73,9,0.72,1,3,0.58
5,913,22.83,2,0.26,1,6,0.6
4,101,17.07,1,0.59,0,6,0.54
7,1371,82.28,28,0.01,0,9,0.47
5,1407,9.12,8,0.66,1,3,0.6
0,1197,5.5,5,0.44,0,6,0.62
1,1462,20.43,7,0.75,1,5,0.76
6,1463,11.2,4,0.29,0,0,1.0
6,489,22.31,3,0.24,1,0,0.54
1,481,11.42,7,0.76,0,3,0.83
12,1606,53.99,24,0.03,1,8,0.14
0,696,4.96,8,0.63,0,4,0.81
5,1122,10.53,1,0.4,1,2,0.88
0,602,4.06,10,0.94,1,4,0.82
1,1279,11.55,4,0.41,1,5,0.65
6,420,11.3,2,0.58,1,1,0.74
4,1339,12.69,4,0.65,0,2,0.41
1,1325,7.63,7,0.67,0,1,0.86
0,522,21.52,4,0.48,1,1,0.69
3,725,23.5,3,0.34,0,4,0.94
3,162,24.32,4,0.64,0,6,0.89
5,158,15.18,9,0.36,0,2,0.92
4,1413,24.61,2,0.72,0,3,0.62
0,1095,19.65,10,0.23,1,8,0.75
2,1429,6.95,6,0.62,1,7,0.59
6,412,10.36,7,0.37,0,1,0.51
5,149,21.45,7,0.4,0,2,0.63
3,159,13.63,5,0.39,0,0,0.74
5,196,0.67,2,0.71,1,4,0.73
1,608,7.22,1,0.8,1,7,0.44
15,3918,50.16,27,0.22,0,12,0.26
5,381,10.4,8,0.46,1,1,0.55
4,103,18.23,6,0.21,1,1,0.67
10,1606,28.95,10,0.12,1,5,0.41
1,126,11.62,6,0.77,0,3,0.7
6,298,9.89,3,0.55,1,1,0.46
5,1114,2.8,3,0.61,0,4,0.83
5,884,0.08,2,0.37,1,3,0.76
1,146,4.28,9,0.34,1,3,0.91
0,768,24.06,4,0.47,1,8,0.85
1,792,19.65,3,0.78,0,4,0.73
9,2731,75.8,12,0.2,0,7,0.11
2,1369,5.39,6,0.24,1,2,0.7
4,972,5.98,10,0.45,1,6,0.92
3,470,2.0,7,0.35,0,0,0.97
6,3123,49.49,23,0.08,1,10,0.45
5,792,19.8,7,0.73,1,8,0.76
0,982,1.67,5,0.67,0,2,0.76
1,1418,3.25,2,0.25,0,3,0.52
3,1098,3.68,1,0.94,0,3,0.83
5,903,15.67,8,0.9,0,0,0.42
2,930,1.07,6,0.43,0,5,0.84
5,115,15.6,1,0.66,0,6,0.42
10,3334,30.06,18,0.13,1,5,0.49
0,878,23.65,6,0.32,0,3,0.97
6,649,11.83,2,0.77,0,5,0.71
3,1164,0.09,5,0.44,1,4,0.47
5,325,3.42,6,0.61,1,2,0.79
5,1481,1.57,10,0.78,1,0,0.49
0,676,18.14,8,0.29,1,6,0.92
3,744,10.09,4,0.91,1,4,0.65
6,1083,17.17,2,0.28,0,0,0.43
3,842,3.25,6,0.92,0,0,0.91
1,369,7.43,2,0.77,0,6,0.6
0,247,14.25,10,0.81,1,4,0.52
1,1347,5.27,4,0.5,1,0,0.79
10,1415,56.5,15,0.07,0,12,0.52
4,1244,19.18,10,0.54,0,3,0.89
3,1036,13.52,6,0.89,1,1,0.83
2,1242,11.06,4,0.31,0,3,0.48
6,791,21.42,6,0.67,0,7,0.99
6,354,18.71,3,0.42,1,1,0.6
6,1195,17.79,2,0.56,0,5,0.72
3,221,23.44,5,0.21,1,2,0.49
5,2485,25.94,18,0.22,0,10,0.36
5,3937,38.91,21,0.16,1,5,0.52
6,294,9.94,1,0.7,0,7,0.64
2,1466,4.02,2,0.96,1,2,0.52
0,1041,1.52,1,0.83,0,4,0.8
6,451,1.18,10,0.74,0,5,0.75
0,354,13.07,8,0.54,1,2,0.4
6,697,5.69,3,0.56,1,4,0.58
1,416,7.95,8,0.37,1,5,0.49
0,1042,2.14,2,0.41,1,8,0.56
6,1459,20.21,4,0.27,1,6,0.73
3,921,18.47,6,0.22,1,5,0.45
1,1105,8.62,8,0.23,0,3,0.82
6,868,16.62,7,0.88,1,6,0.5
2,248,12.78,3,0.86,0,6,0.8
1,414,5.93,5,0.99,1,1,0.97
6,701,16.39,4,0.51,1,0,0.68
6,815,21.67,3,0.85,1,8,0.5
3,1193,8.05,7,0.74,1,1,0.71
1,1428,12.41,4,0.85,0,8,0.98
2,949,17.09,9,0.64,0,6,0.94
0,981,16.76,3,0.28,1,8,0.45
5,1391,10.69,6,0.81,1,3,0.75
13,2974,28.53,27,0.14,1,5,0.21
3,874,19.05,1,0.67,1,3,0.67
0,1287,2.3,2,0.28,1,8,0.46
7,2049,91.16,22,0.17,1,5,0.27
6,1071,19.11,1,0.62,0,5,0.87
0,185,11.94,4,0.52,0,5,0.58
15,2965,63.65,14,0.2,1,10,0.42
5,772,4.68,10,0.64,1,1,0.87
2,1019,14.59,9,0.53,1,0,0.8
1,965,17.7,3,0.49,0,4,0.9
5,1714,52.29,19,0.23,1,7,0.53
5,162,17.29,4,0.53,1,6,0.69
6,280,23.51,4,0.85,1,8,0.71
3,1408,14.58,6,0.24,0,1,0.93
0,685,16.62,8,0.44,0,6,0.92
4,899,15.25,6,0.35,1,2,0.54
5,336,15.62,2,0.37,1,6,0.73
6,643,10.55,10,0.28,1,1,0.52
7,2305,78.31,22,0.22,1,5,0.34
15,1382,81.65,26,0.03,1,7,0.23
4,1017,24.22,9,0.97,0,7,0.56
0,1288,9.64,6,0.94,1,7,0.86
4,1288,14.32,1,0.61,0,5,0.83
13,1670,90.05,8,0.12,1,11,0.48
2,436,16.17,5,0.62,1,5,0.83
1,217,4.69,10,0.3,0,3,0.76
4,152,23.8,3,0.38,0,5,0.98
0,159,5.87,1,0.83,0,8,0.9
5,816,4.13,2,0.94,0,7,0.63
6,902,1.73,8,0.94,1,8,0.75
8,1215,90.29,30,0.13,1,6,0.26
4,956,10.76,1,0.7,1,8,0.69
5,1282,16.95,8,0.22,0,0,0.47
1,364,2.04,2,0.44,0,2,0.87
4,934,16.82,9,0.34,0,3,0.94
1,252,23.36,10,0.91,0,8,0.55
5,752,11.28,7,0.41,1,1,0.67
2,1129,0.91,3,0.25,1,2,0.57
1,381,7.6,2,0.89,0,2,0.99
14,2855,61.36,20,0.14,1,8,0.31
4,616,5.09,7,0.24,0,0,0.57
5,138,2.45,8,0.38,1,6,0.69
11,1827,62.41,16,0.15,1,8,0.32
5,102,4.88,4,0.26,1,1,0.74
4,615,19.92,2,0.95,0,4,0.82
8,3762,95.74,11,0.12,1,12,0.4
3,366,0.77,1,0.41,0,6,0.56
2,1188,9.72,3,0.77,0,3,0.97
7,3561,51.8,12,0.03,0,5,0.29
5,600,13.79,8,0.68,1,1,0.58
3,685,5.03,2,0.85,0,7,0.83
14,2426,85.89,15,0.18,1,7,0.44
1,454,19.05,9,0.79,0,0,0.94
5,1324,5.21,4,0.69,0,3,0.91
2,1386,9.8,3,0.51,0,7,0.69
4,516,7.51,10,0.81,1,7,0.56
3,715,20.39,8,0.71,0,0,0.99
6,2479,64.3,16,0.09,0,12,0.44
7,3387,29.9,13,0.03,1,5,0.27
6,875,15.57,9,0.24,0,2,0.86
4,898,16.08,2,0.39,1,2,0.84
0,555,9.71,10,0.94,1,4,0.51
0,1080,17.82,4,0.42,1,6,0.69
2,759,2.74,9,0.35,1,7,0.5
2,494,16.45,7,0.33,1,6,0.71
1,1058,9.52,9,0.42,0,4,0.92
8,2285,53.43,24,0.15,0,7,0.36
3,118,19.95,5,0.69,1,0,0.71
6,776,11.46,6,0.89,0,6,0.46
12,2483,61.15,22,0.07,1,9,0.21
7,2189,75.51,22,0.04,0,10,0.49
2,1077,1.49,3,0.61,0,0,0.63
0,958,8.67,6,0.84,0,2,0.41
3,240,2.53,5,0.43,0,0,0.65
4,318,24.89,9,0.71,1,6,0.98
9,1419,44.59,30,0.18,0,6,0.24
9,3173,26.87,15,0.08,0,8,0.43
6,1102,11.18,4,0.63,0,6,0.77
5,1106,7.23,4,0.94,1,4,0.56
2,694,19.19,8,0.51,1,2,0.87
3,1304,2.73,10,0.94,0,6,0.55
3,304,6.43,3,0.83,1,4,0.91
6,780,4.36,5,0.49,1,5,0.49
5,3765,78.03,21,0.13,1,7,0.48
13,2807,89.52,21,0.07,0,10,0.17
4,874,17.68,2,0.74,1,7,0.42
6,1318,9.17,3,0.9,0,2,0.87
3,680,0.73,5,0.93,0,3,0.4
4,1204,14.74,7,0.65,0,3,0.43
5,306,0.56,5,0.87,0,3,0.98
5,156,15.35,2,0.59,1,3,0.65
6,1205,10.84,8,0.27,1,2,0.58
6,286,10.39,9,0.2,1,1,0.54
6,2111,59.53,14,0.25,1,8,0.25
9,3366,49.09,23,0.21,1,12,0.4
5,151,24.25,10,0.93,1,7,0.47
3,275,4.18,6,0.28,0,8,0.66
13,2694,92.22,11,0.07,1,5,0.31
6,1486,18.64,9,0.62,1,8,0.88
6,918,0.25,9,0.69,0,3,0.61
5,3149,51.56,29,0.11,1,12,0.15
0,458,14.12,5,0.34,0,1,0.81
4,746,18.74,9,0.97,0,3,0.89
9,2696,57.56,14,0.04,0,7,0.33
1,536,14.42,6,0.48,0,8,0.87
0,1313,11.52,10,0.28,0,2,0.73
13,3256,43.89,30,0.25,1,7,0.26
8,3856,25.13,16,0.07,1,12,0.41
0,1395,22.63,6,0.77,1,8,0.87
5,1497,22.63,3,0.63,0,8,0.91
4,693,20.68,2,0.55,1,6,0.78
5,305,3.28,5,0.25,1,5,0.73
5,1133,23.69,4,0.44,1,3,0.42
2,1444,22.41,6,0.95,1,0,0.73
6,454,16.44,1,0.45,0,7,0.71
9,1849,44.41,13,0.2,0,8,0.51
2,1499,3.62,9,0.85,0,4,0.64
3,1349,19.82,7,0.75,1,8,0.49
4,564,8.04,7,0.71,0,3,0.57
5,919,23.73,4,0.76,1,7,0.54
4,994,13.75,2,0.73,0,1,0.97
6,1000,17.16,3,0.23,0,0,0.52
5,1254,4.7,7,0.91,0,1,0.74
11,1454,74.59,24,0.15,0,5,0.14
2,768,3.91,5,0.83,1,1,0.56
0,810,3.54,3,0.85,0,8,0.79
6,809,6.52,4,0.69,1,3,0.74
2,970,11.62,6,0.41,0,7,0.82
1,340,20.07,8,0.37,1,2,0.84
0,510,13.56,6,0.82,0,3,0.97
0,1189,19.11,1,0.22,1,0,0.98
7,1360,26.59,27,0.04,0,8,0.36
15,2276,42.22,16,0.13,1,5,0.41
3,1443,4.16,1,0.64,1,6,0.6
5,1168,23.61,4,0.7,1,0,0.96
2,736,4.45,5,0.8,0,4,0.44
6,1038,6.66,3,0.9,0,4,0.82
5,1170,22.55,2,0.55,1,3,0.81
3,603,9.57,1,0.41,0,3,0.89
1,273,16.44,2,0.6,1,6,0.69
9,3556,64.22,22,0.24,1,8,0.31
15,1296,77.18,22,0.11,1,8,0.23
5,1293,18.51,10,0.77,0,7,0.62
1,1483,24.46,8,0.45,0,8,0.94
1,651,21.77,6,0.61,0,2,0.41
6,453,9.32,7,0.92,1,5,0.79
2,1414,18.59,3,0.28,0,7,0.98
15,2473,32.16,15,0.11,1,9,0.32
1,1483,14.97,5,0.31,0,2,0.69
8,1605,73.81,19,0.01,1,9,0.36
1,624,22.54,1,0.55,0,1,0.48
4,912,13.32,9,0.9,1,1,0.52
3,970,12.74,7,0.87,0,7,0.89
6,1375,18.38,2,0.64,1,6,0.55
0,1029,10.4,4,0.55,1,4,0.83
3,1244,13.79,3,0.23,0,4,0.89
4,664,0.7,8,0.31,0,3,0.85
3,948,3.27,4,0.66,1,6,0.84
5,333,14.93,4,0.21,0,3,0.75
0,964,21.59,3,0.91,1,0,0.85
12,3399,75.5,19,0.21,1,8,0.32
9,2483,45.15,18,0.24,0,9,0.37
5,219,20.54,6,0.46,0,4,0.64
6,3808,60.97,16,0.19,0,5,0.2
2,758,0.79,4,0.81,0,5,0.69
6,737,7.37,10,0.69,1,1,0.99
5,256,4.07,7,0.98,0,0,0.7
5,1496,3.49,6,0.57,1,5,0.5
4,473,18.0,7,0.77,0,4,0.93
4,396,3.46,3,0.36,1,8,0.9
0,831,11.44,3,0.89,0,0,0.86
1,1045,18.35,3,0.58,0,8,0.96
2,119,21.98,3,0.33,1,4,0.78
7,2196,85.05,30,0.23,1,10,0.14
0,369,4.99,5,0.81,1,1,0.44
6,135,7.35,1,0.64,0,4,0.86
6,207,1.76,7,0.29,0,1,0.61
5,1333,3.64,8,0.45,1,1,0.87
6,559,13.64,5,0.28,1,2,0.65
0,480,4.22,1,0.75,0,1,0.63
3,343,19.54,1,0.43,1,3,0.53
12,3771,70.01,22,0.2,1,7,0.15
7,1649,51.08,23,0.14,1,7,0.51
4,912,24.05,10,0.48,1,2,0.77
5,405,9.56,5,0.88,0,6,0.51
1,1393,16.72,10,0.71,1,7,0.96
10,3946,66.83,17,0.01,1,10,0.52
0,1476,0.54,6,0.9,0,2,0.93
4,360,14.46,2,0.55,1,8,0.47
4,1480,3.7,4,0.62,0,1,0.47
9,2155,44.54,19,0.09,1,8,0.2
3,842,1.57,9,0.75,1,8,0.57
0,302,12.37,8,0.39,0,7,0.46
6,266,1.16,5,0.43,1,1,0.89
2,516,8.26,9,0.4,0,6,0.93
8,2088,75.12,21,0.17,0,11,0.39
5,481,15.0,9,0.93,1,3,0.55
1,851,4.57,5,0.51,0,3,0.96
5,313,23.22,9,0.77,1,1,0.93
5,3833,21.9,8,0.03,1,11,0.54
6,1154,21.04,3,0.64,1,5,0.57
0,461,1.97,1,0.54,0,7,0.51
0,152,10.09,9,0.27,1,4,0.7
1,325,18.93,1,0.82,0,7,0.77
6,870,14.61,10,0.21,1,3,0.82
5,578,4.25,4,0.95,0,2,0.63
4,197,19.41,1,0.99,0,1,0.88
6,390,16.88,9,0.38,0,5,0.63
4,699,10.08,6,0.29,0,2,0.85
1,581,8.99,2,0.86,1,2,0.68
11,2391,89.98,12,0.24,1,9,0.49
0,117,3.46,5,0.86,0,3,0.87
1,989,0.02,2,0.47,1,4,0.95
2,242,12.47,9,0.92,1,8,0.56
12,1809,43.04,25,0.15,1,11,0.34
0,950,15.34,7,0.34,0,7,0.61
6,447,21.89,5,0.45,1,1,0.55
6,281,17.18,9,0.48,1,3,0.53
4,617,4.69,1,0.85,0,8,0.54
0,903,0.12,6,0.61,1,4,0.72
1,330,8.12,2,0.65,1,8,0.9
3,138,4.46,4,0.76,1,8,0.6
6,1231,23.42,7,0.78,0,6,0.76
1,857,4.97,1,0.82,1,8,0.95
3,1457,13.57,2,0.3,0,2,0.51
1,841,19.94,8,0.75,1,1,0.43
1,769,4.98,9,0.48,0,3,0.68
0,900,14.91,5,0.99,0,2,0.49
7,1920,80.94,28,0.04,0,10,0.41
0,1438,24.01,1,0.49,1,7,0.65
0,1220,0.65,7,0.53,1,1,0.83
5,1323,25.86,8,0.17,0,9,0.49
3,566,0.69,7,0.43,0,4,0.85
2,971,21.51,9,0.74,1,3,0.82
1,503,20.74,5,0.23,1,7,0.82
4,282,7.09,9,0.38,1,3,0.9
5,266,1.51,6,0.56,0,1,0.5
1,1241,9.16,4,0.55,0,7,0.83
10,1343,38.9,21,0.15,0,6,0.41
2,1317,15.5,7,0.31,0,7,0.42
1,979,13.39,8,0.26,1,3,0.66
2,811,17.49,7,1.0,1,6,0.85
2,422,20.64,8,0.8,1,5,0.9
0,1485,24.06,8,0.92,1,0,0.56
3,158,12.63,10,0.79,1,2,0.54
1,1012,11.2,6,0.46,0,7,0.92
6,706,5.42,5,0.7,1,0,0.72
0,759,15.04,1,0.89,0,2,0.84
3,1444,20.99,4,0.35,0,8,0.68
3,1250,20.46,3,0.98,1,0,0.76
4,661,5.89,7,0.38,1,4,0.96
5,144,9.72,10,0.85,0,5,0.62
0,290,20.21,9,0.23,1,6,0.77
5,388,4.24,10,0.49,0,6,0.89
6,1483,13.55,8,0.25,1,6,0.64
5,219,17.3,5,0.36,1,8,0.54
0,1325,10.57,9,0.39,1,2,0.52
14,3787,47.1,30,0.13,1,5,0.3
3,252,12.91,5,0.57,0,0,0.61
6,1329,16.76,3,0.62,1,8,0.94
4,777,4.44,4,0.43,0,3,0.88
6,1353,9.08,10,0.88,0,6,0.44
2,846,24.17,3,0.93,1,6,0.75
1,1402,5.46,7,0.24,1,2,0.84
5,995,24.31,2,0.3,0,4,0.94
9,1380,21.88,29,0.12,0,8,0.24
4,465,1.87,5,0.41,1,1,0.8
1,575,21.43,8,0.56,1,2,0.76
0,997,19.41,8,0.24,0,4,0.43
2,566,8.73,2,0.96,1,3,0.61
2,1147,1.43,2,0.62,0,1,0.56
3,495,1.85,7,0.9,1,4,0.82
0,174,5.98,3,0.83,0,4,0.64
4,1074,2.9,2,0.92,1,6,0.94
8,3996,41.91,11,0.12,0,8,0.27
4,346,1.97,4,0.77,1,7,0.49
6,521,8.56,8,0.75,0,6,0.77
2,119,11.81,8,0.93,0,5,0.68
5,631,22.58,4,0.21,1,3,0.84
1,908,24.58,9,0.53,0,6,0.47
1,1491,5.59,3,0.23,1,4,0.61
13,1665,33.21,25,0.2,0,10,0.47
4,224,20.6,3,0.53,0,4,0.77
3,749,15.92,2,0.82,0,7,0.43
15,2704,27.65,12,0.09,0,7,0.52
5,1184,17.18,4,0.65,0,6,0.77
14,2778,76.33,19,0.05,1,10,0.25
2,715,17.93,8,0.65,1,3,0.64
14,3064,75.7,12,0.23,1,10,0.2
2,902,23.77,8,0.96,1,8,0.92
1,1168,22.81,3,0.97,0,5,0.59
0,968,2.96,8,0.73,1,7,0.83
6,121,17.05,5,0.38,0,6,0.78
9,3116,84.86,11,0.16,0,10,0.54
12,3888,79.85,13,0.14,1,8,0.42
1,439,22.54,4,0.71,1,5,0.8
2,122,13.09,8,0.79,1,1,0.63
0,1415,5.46,5,0.68,1,3,0.92
6,890,1.2,2,0.31,0,7,0.91
0,1368,15.54,1,0.99,1,5,0.66
3,322,6.0,4,0.27,1,4,0.94
0,1397,0.31,10,0.27,0,1,0.63
1,1174,14.32,4,0.35,1,5,0.7
0,1390,2.29,6,0.31,0,2,0.91
1,1275,18.33,8,0.75,1,2,0.86
2,401,11.59,7,0.28,0,3,0.64
1,639,11.11,5,0.86,1,3,0.52
3,509,7.82,4,0.94,0,8,0.89
3,369,24.38,7,0.95,0,5,0.88
6,947,19.23,3,0.33,0,1,0.53
12,1266,39.25,18,0.05,0,7,0.3
0,213,6.19,8,0.9,0,4,0.84
5,1234,20.02,8,0.82,0,6,0.49
5,682,6.85,4,0.44,1,6,0.79
2,536,6.14,6,0.33,1,6,0.61
6,670,12.55,1,0.89,1,4,0.51
2,556,11.58,8,0.45,1,8,0.91
10,2226,53.1,11,0.06,1,8,0.46
3,518,14.07,3,0.44,0,3,0.78
4,203,0.43,10,0.62,0,4,0.78
5,828,2.92,6,0.76,1,2,0.69
5,1193,13.87,8,0.34,1,5,0.41
3,629,24.14,8,0.75,0,8,0.79
1,1175,17.33,1,0.79,1,0,0.8
5,316,9.34,1,0.42,0,0,0.81
0,116,5.01,8,0.34,1,3,0.8
12,1743,24.16,21,0.09,1,10,0.16
4,538,21.78,1,0.48,0,5,0.91
2,270,12.24,9,0.98,0,0,0.87
2,889,3.85,1,0.44,1,1,0.63
1,336,6.93,5,0.45,1,2,1.0
0,1331,15.27,10,0.64,0,2,0.93
5,1406,17.15,9,0.88,1,3,0.49
6,169,16.66,6,0.79,0,1,0.55
12,1584,93.09,15,0.15,0,12,0.52
2,781,7.03,3,0.96,1,1,0.84
2,318,20.55,3,0.24,1,8,0.95
1,1473,12.79,8,1.0,1,5,0.57
3,1416,22.79,3,0.3,1,1,0.6
5,423,20.52,5,0.67,1,5,0.56
1,1362,17.19,10,0.91,0,6,0.88
2,267,9.75,7,0.82,0,3,0.82
0,578,14.08,5,0.86,0,5,0.81
6,1256,2.84,7,0.94,1,7,0.96
4,1119,7.98,6,0.94,0,6,0.42
1,1352,3.88,10,0.2,1,2,0.72
5,1262,2.78,7,0.38,0,6,0.55
5,504,19.5,4,0.74,0,1,0.54
4,806,15.1,9,0.93,0,2,0.56
0,1084,4.37,5,0.68,1,3,0.59
0,893,23.34,6,0.56,0,0,0.52
0,618,7.34,1,0.66,1,4,0.71
1,228,10.1,7,0.26,0,7,0.94
6,492,3.0,2,0.25,0,6,0.65
5,3680,55.86,21,0.18,0,6,0.43
3,167,20.56,10,0.39,0,4,0.81
2,855,23.46,8,0.78,1,4,0.44
3,1188,5.0,6,0.5,1,4,1.0
6,497,9.54,9,0.78,1,8,0.76
4,1169,19.24,2,0.25,0,6,0.99
4,889,20.32,9,0.95,1,0,0.64
5,1437,0.64,5,0.25,0,0,0.84
0,992,0.62,10,0.71,0,4,0.98
0,476,16.29,9,0.91,0,2,0.42
5,182,5.98,2,0.63,0,7,0.98
3,1100,21.12,1,0.78,1,7,0.6
9,1423,22.55,10,0.02,0,5,0.3
6,1294,16.03,8,0.23,0,4,0.96
1,228,23.99,9,0.87,1,8,0.6
3,217,12.71,10,0.68,0,0,0.83
0,1498,10.41,10,0.63,0,3,0.66
0,1280,0.89,7,0.33,0,2,0.45
0,516,13.12,1,0.6,0,4,0.9
3,481,15.3,5,0.25,0,8,0.9
3,1434,1.08,2,0.83,1,0,0.83
3,1014,16.95,6,0.37,1,6,0.66
1,679,21.01,3,0.51,1,3,0.72
6,102,8.57,7,0.8,1,0,0.57
1,337,14.37,9,0.85,0,3,0.7
0,1062,8.29,2,0.21,0,3,0.94
4,545,14.81,2,0.52,1,3,0.66
1,1326,4.48,2,0.45,0,2,0.96
3,865,22.87,3,0.85,1,5,0.83
0,473,0.16,5,0.62,1,5,0.51
6,120,13.21,1,0.97,1,1,0.66
1,1065,24.58,2,0.36,0,2,0.65
0,856,24.04,10,0.58,0,7,0.6
0,623,21.77,5,0.66,1,6,0.62
1,1498,4.3,10,0.87,1,2,0.72
1,857,11.41,3,0.46,1,3,0.83
5,1206,7.82,1,0.55,1,0,0.58
0,245,15.24,2,0.69,1,2,0.42
3,873,10.13,6,0.79,0,8,0.45
6,599,4.21,4,0.46,0,8,0.44
9,1679,77.33,24,0.2,0,6,0.38
3,688,18.93,1,0.4,1,6,0.92
6,989,19.16,10,0.42,1,7,0.81
5,918,4.32,5,0.75,1,5,0.8
6,650,13.31,4,0.44,0,6,0.46
0,1442,13.78,8,0.26,0,3,0.94
5,1282,3.14,9,0.37,0,4,0.79
11,2983,52.69,13,0.13,0,11,0.41
6,800,21.11,1,0.55,0,0,0.53
6,949,7.96,9,0.74,0,1,0.95
4,550,3.06,3,0.75,1,1,0.62
6,1121,3.42,8,0.51,0,6,0.58
11,3408,34.28,18,0.17,0,11,0.52
6,1407,9.76,2,0.74,0,0,0.54
0,775,1.58,2,0.51,0,8,0.97
11,2348,40.26,23,0.14,0,9,0.32
1,974,7.65,3,0.39,0,4,0.71
2,216,11.49,6,0.54,1,4,0.72
3,1056,1.68,3,0.8,1,3,0.64
1,308,19.27,3,0.65,1,6,0.49
2,998,24.07,8,0.3,1,8,0.89
5,264,16.9,1,0.29,1,7,0.8
2,974,6.81,3,0.31,0,2,0.53
5,1787,27.66,20,0.02,1,11,0.5
3,609,19.0,5,0.78,0,7,0.86
5,263,10.71,1,0.28,0,8,0.92
3,409,21.78,3,0.63,1,3,0.85
10,1641,91.65,15,0.01,0,5,0.13
2,1241,7.78,1,0.42,0,4,0.54
1,615,23.93,9,0.71,1,8,0.87
4,182,1.47,6,0.33,1,5,0.86
1,1061,16.05,5,0.87,1,3,0.4
2,889,17.57,10,0.75,0,7,0.49
6,602,21.82,8,0.52,1,1,0.61
0,275,4.09,3,0.63,0,7,0.58
0,1004,2.51,9,0.29,1,7,0.55
2,1312,20.9,9,0.88,0,0,0.44
2,1007,18.45,2,0.41,1,2,0.51
1,209,19.26,6,0.66,1,6,0.61
15,2168,71.43,23,0.12,1,8,0.11
3,504,5.18,1,0.34,1,6,0.96
2,925,3.47,5,0.48,1,8,0.61
1,1438,9.14,7,0.58,1,8,0.46
1,1153,4.53,3,0.54,0,5,0.51
2,1229,14.59,1,0.72,1,1,0.89
6,1280,17.16,5,0.48,1,7,0.55
4,896,0.4,7,0.91,1,6,0.67
5,1064,12.73,4,0.68,1,8,0.8
6,549,17.37,5,0.61,0,3,0.45
4,493,14.67,6,0.5,0,7,0.66
5,1015,6.66,2,0.4,1,4,0.91
11,2888,46.22,15,0.24,1,5,0.18
5,449,6.03,7,0.24,0,2,0.59
5,218,5.05,7,0.96,1,2,0.41
3,331,23.04,5,0.27,1,3,0.69
10,2403,63.06,15,0.18,0,5,0.1
15,1921,38.78,18,0.24,1,10,0.51
5,371,10.48,8,0.29,0,4,0.46
5,527,16.92,7,0.65,1,8,0.87
6,733,15.41,9,0.67,0,4,0.95
5,3526,62.03,15,0.08,0,7,0.5
6,1308,2.4,1,0.38,1,7,0.88
4,1113,19.53,1,0.43,0,7,0.61
1,1456,8.66,3,0.82,1,7,0.58
4,250,4.79,1,0.28,1,1,0.89
4,994,21.59,7,0.99,1,2,0.58
2,960,2.18,8,0.78,1,4,0.7
0,780,15.54,4,0.42,1,3,0.51
1,769,23.14,7,0.46,0,5,0.95
5,1294,9.59,5,0.95,1,5,0.44
4,269,12.13,2,0.72,1,0,0.8
2,939,9.97,5,1.0,0,5,0.82
5,1338,10.46,3,0.97,1,3,0.7
4,246,1.31,4,0.49,1,1,0.45
2,1095,7.1,9,0.5,0,6,0.42
1,455,15.89,3,0.55,0,7,0.79
2,117,4.23,5,0.9,0,6,0.41
5,972,5.13,5,0.91,1,1,0.9
4,306,2.62,2,0.98,1,7,0.86
6,422,19.08,8,0.2,1,1,0.47
3,173,10.57,1,0.9,1,1,0.73
1,257,11.85,8,0.54,0,2,0.57
6,1334,14.32,2,0.88,0,3,0.88
3,261,9.84,3,0.41,0,3,0.98
5,522,22.59,2,0.58,1,5,0.77
1,1381,7.48,1,0.62,0,3,0.99
0,847,3.83,9,0.8,0,8,0.52
0,892,14.88,4,0.3,1,3,0.74
10,3775,43.02,13,0.19,1,8,0.1
6,924,23.96,1,0.72,1,8,0.71
9,2692,32.15,30,0.01,1,10,0.51
6,704,6.26,9,0.86,0,2,0.78
0,1434,23.82,2,0.7,1,8,0.91
6,1248,15.44,2,0.43,1,3,0.79
1,1374,8.19,5,0.99,0,0,0.41
5,1065,2.69,1,0.22,1,1,0.66
3,893,5.35,3,0.45,0,2,0.83
14,2754,60.45,17,0.14,1,7,0.55
13,1859,70.3,12,0.15,1,10,0.23
1,1378,15.7,3,0.95,0,7,0.91
1,171,16.6,9,0.36,1,4,0.79
4,1067,16.99,6,0.96,0,6,0.74
1,916,11.86,10,0.26,1,7,0.67
6,1419,20.61,3,0.66,0,3,0.53
6,266,5.39,7,0.35,1,5,0.48
3,204,13.14,4,0.89,0,7,0.94
2,1180,24.41,3,0.94,1,5,0.72
6,241,2.51,1,0.4,1,2,0.97
5,250,5.79,9,0.48,1,4,0.94
3,1097,19.77,1,0.41,0,6,0.66
4,266,2.35,7,0.75,0,7,0.63
6,535,17.42,4,0.75,1,3,0.47
2,1092,13.72,1,0.68,0,5,0.95
6,507,24.06,6,0.65,0,3,0.68
6,339,3.68,7,0.85,1,4,0.97
4,804,22.55,6,0.26,0,6,0.88
2,824,14.79,7,0.75,0,1,0.53
1,1172,11.81,7,0.26,0,2,0.96
5,1217,0.17,4,0.99,1,6,0.43
13,3892,85.08,13,0.11,0,11,0.47
4,775,2.24,5,0.7,0,5,0.69
1,708,6.79,7,0.79,1,5,0.7
15,3957,45.61,14,0.24,0,6,0.51
4,792,7.28,10,0.38,0,3,0.58
0,912,13.98,10,0.59,1,7,0.57
5,1238,5.5,9,0.55,0,4,0.77
3,907,7.86,9,0.59,0,3,0.41
7,1843,41.14,25,0.08,1,6,0.47
12,2960,98.5,19,0.09,1,11,0.52
5,313,19.19,5,0.39,1,3,0.44
6,545,11.84,6,0.74,0,6,0.91
3,891,8.61,9,0.61,1,4,0.91
4,313,14.75,1,0.97,1,0,0.45
6,830,10.8,5,0.36,0,6,0.69
13,3890,98.32,17,0.23,0,5,0.5
7,2233,49.86,30,0.17,0,11,0.25
13,1881,59.87,11,0.2,0,9,0.34
5,360,6.41,2,0.34,1,4,0.54
0,350,7.2,1,0.61,0,3,0.68
5,1286,23.26,5,0.22,1,1,0.88
2,167,20.3,5,0.69,0,5,0.51
4,1048,7.12,8,0.35,1,5,0.63
14,1395,58.57,20,0.14,0,8,0.29
2,327,3.76,10,0.93,0,0,0.57
4,936,19.36,10,0.21,0,7,0.51
2,393,16.6,5,0.92,0,6,0.55
2,144,2.44,8,0.57,0,2,0.99
0,341,6.66,2,0.94,1,6,0.87
2,819,12.55,3,0.43,1,5,0.41
2,341,15.66,9,0.48,0,3,0.61
1,660,4.14,10,0.98,0,1,0.9
6,689,23.57,1,0.82,1,3,0.66
10,1824,46.52,21,0.1,1,12,0.53
3,627,1.78,4,0.32,1,6,0.78
5,234,11.32,1,0.25,1,0,0.58
4,315,17.26,5,0.68,0,6,0.74
11,1916,86.12,19,0.19,0,6,0.14
0,1374,4.18,5,0.25,0,5,0.52
1,177,18.33,2,0.68,0,7,0.47
3,478,10.03,4,0.33,1,0,0.99
12,1219,30.4,13,0.03,1,6,0.48
3,837,14.51,4,0.7,1,2,0.45
4,578,21.12,4,0.74,0,2,0.53
5,656,10.18,2,1.0,1,7,0.68
6,318,8.76,1,0.42,1,7,0.82
5,100,16.39,8,1.0,0,4,0.83
11,3564,53.08,15,0.15,0,7,0.16
9,1637,89.95,25,0.0,1,12,0.36
1,1386,6.84,2,0.59,0,2,0.8
5,1101,6.38,3,0.58,0,1,0.82
4,761,21.26,1,0.39,0,5,0.58
4,343,14.91,4,0.79,0,8,0.55
14,1519,56.39,28,0.22,1,6,0.51
5,960,7.4,1,0.25,0,6,0.94
2,104,5.41,4,0.31,1,1,0.93
3,1334,18.77,5,0.34,0,8,0.61
0,1066,22.79,1,0.65,0,1,0.47
3,1322,5.76,6,0.56,1,2,0.58
4,205,14.4,8,0.33,0,6,0.57
2,1480,20.37,4,0.31,1,2,0.65
0,254,23.31,6,0.71,0,6,0.76
9,3954,56.85,29,0.11,0,5,0.17
3,1191,4.03,9,0.55,0,4,0.46
1,136,18.55,10,0.58,0,4,0.44
3,535,20.84,4,0.66,1,6,0.58
1,267,13.37,3,0.95,0,2,0.81
4,1341,1.61,7,0.86,1,8,0.43
4,1288,0.45,5,0.57,1,4,0.54
8,3864,55.04,19,0.2,1,12,0.49
0,1442,9.28,4,0.82,1,1,0.96
4,589,12.41,2,0.98,0,8,0.64
3,415,22.52,7,0.72,1,3,0.5
7,3439,42.93,21,0.1,1,11,0.48
3,621,15.14,7,0.65,1,8,0.86
15,1544,24.0,13,0.24,1,7,0.24
7,2173,75.65,20,0.19,1,5,0.26
1,854,7.96,1,0.49,1,1,0.99
3,1185,1.82,3,1.0,1,4,0.69
6,2439,38.42,25,0.09,1,7,0.52
1,1134,23.82,10,0.29,1,0,0.82
0,747,6.7,7,0.34,1,2,0.66
1,469,0.1,7,0.54,1,3,0.61
10,1384,86.57,25,0.06,1,12,0.22
0,1077,13.09,2,0.26,0,2,0.61
9,2284,63.03,8,0.19,1,7,0.45
1,672,16.55,9,0.94,1,6,0.51
13,2408,57.44,14,0.09,0,11,0.16
5,3153,56.94,9,0.03,1,5,0.25
0,621,18.68,5,0.64,0,7,0.8
14,3278,23.18,27,0.07,0,11,0.16
0,1212,13.8,2,0.44,1,5,0.9
4,1226,11.57,6,0.22,1,0,0.45
4,210,8.39,5,0.99,0,7,0.7
4,1027,21.69,7,0.43,0,3,0.85
6,1115,15.11,2,0.71,1,3,0.9
4,940,22.33,6,0.7,1,0,0.83
2,413,2.39,5,0.54,1,7,0.51
1,1287,16.27,10,0.85,0,4,0.97
11,3170,53.85,15,0.22,0,5,0.45
6,455,10.87,1,0.67,0,3,0.78
5,436,17.81,1,0.97,1,4,0.53
3,1268,22.63,4,0.2,0,1,0.87
2,279,4.28,3,0.88,0,5,0.77
1,149,12.88,5,0.8,1,0,0.83
5,513,6.77,7,0.22,0,8,0.48
2,237,16.95,6,0.7,0,7,0.96
6,398,5.74,5,0.79,1,7,1.0
0,925,9.52,10,0.72,1,3,0.99
2,1180,12.55,7,0.29,1,2,0.48
10,3461,49.16,22,0.01,0,7,0.16
8,3811,20.48,22,0.23,1,5,0.35
2,1399,22.78,9,0.78,1,0,0.84
4,459,3.24,8,0.99,1,7,0.91
4,1212,1.15,1,0.5,0,2,0.94
2,789,18.9,8,0.25,1,8,0.57
0,422,10.26,9,0.31,1,7,0.96
1,1429,17.7,2,0.87,0,6,0.47
7,1530,71.83,18,0.1,0,6,0.17
6,787,5.07,4,0.56,0,1,0.76
1,1210,0.99,8,0.38,0,4,0.54
3,1493,4.03,5,0.74,1,3,0.6
1,936,13.59,5,0.79,0,6,0.58
5,1230,22.93,8,0.24,0,6,0.81
4,316,9.19,1,0.39,1,4,0.69
2,987,8.91,6,0.62,1,2,0.8
2,368,15.91,5,0.69,0,1,0.53
4,916,11.07,3,0.69,0,0,0.69
2,1343,13.57,4,0.92,0,4,0.81
6,428,10.47,2,0.47,0,4,0.99
3,225,21.37,3,0.65,0,3,0.44
4,113,16.46,3,0.68,1,1,0.72
0,1310,14.34,3,0.9,1,1,0.94
7,2834,63.0,10,0.0,1,10,0.43
3,941,12.16,3,0.75,1,1,0.8
0,984,0.61,7,0.94,1,8,0.42
4,1057,2.03,9,0.88,0,7,0.69
4,350,16.03,9,0.9,1,5,0.54
9,2161,34.71,13,0.2,0,8,0.43
5,678,24.46,6,0.82,0,5,0.47
2,221,17.21,7,0.89,1,4,0.41
3,1332,24.2,1,0.38,1,6,0.4
15,3651,91.09,19,0.06,0,6,0.24
5,564,17.43,5,0.59,1,2,0.68
2,288,23.03,8,0.73,1,0,0.71
6,417,12.06,5,0.2,0,6,0.88
5,1024,18.18,7,0.88,1,6,0.55
0,931,12.78,1,0.54,0,1,0.51
0,427,15.0,10,0.69,0,6,0.9
2,908,10.18,9,0.92,1,8,0.49
0,1287,9.42,3,0.99,1,0,0.94
5,674,8.59,10,0.53,0,2,0.65
0,138,19.6,10,0.46,1,6,0.84
6,457,24.58,6,0.41,1,3,0.6
3,792,23.39,2,0.45,1,0,0.77
5,664,8.72,7,0.49,0,6,0.51
0,853,23.9,5,0.86,0,3,0.87
5,2283,52.24,17,0.22,0,11,0.53
1,870,0.21,3,0.59,0,1,0.4
3,1356,13.46,4,0.73,0,8,0.41
6,692,6.19,6,0.46,1,5,0.64
12,1387,28.78,22,0.24,0,8,0.11
5,1075,11.44,10,0.31,1,1,0.74
2,890,9.85,10,0.88,0,0,0.97
7,2128,53.27,23,0.25,1,12,0.28
5,185,4.67,9,0.97,0,3,0.52
4,973,10.27,1,0.71,0,5,0.5
15,3445,87.76,23,0.19,0,5,0.54
2,1398,1.2,9,0.83,1,8,0.72
3,1145,11.53,5,0.9,1,2,0.73
1,717,1.75,5,0.73,1,4,0.53
6,325,3.3,9,0.27,1,2,0.97
5,741,24.52,8,0.33,0,0,0.77
12,3771,50.24,11,0.16,1,6,0.3
2,414,13.11,10,0.48,0,2,0.46
1,211,14.56,9,0.56,0,4,0.4
14,3872,71.23,28,0.21,1,8,0.53
9,1451,56.21,17,0.11,0,8,0.49
4,696,2.97,7,0.22,0,3,0.97
0,488,7.35,2,0.77,0,1,0.46
0,463,8.42,6,0.71,0,1,0.59
2,213,11.7,5,0.61,0,0,0.49
6,940,4.79,9,0.88,0,3,0.77
2,1415,17.07,8,0.61,1,1,0.52
0,638,22.56,10,0.78,0,1,0.6
6,2968,48.23,26,0.02,1,12,0.48
5,1310,1.71,6,0.78,1,3,0.67
3,709,24.66,8,0.48,0,0,0.59
5,152,19.4,2,0.87,1,5,0.84
4,821,11.48,3,0.32,0,3,0.67
6,1465,7.95,7,0.83,1,7,0.98
9,3532,52.98,11,0.14,0,7,0.48
2,1033,11.5,8,0.53,0,1,0.71
2,1237,11.26,4,0.81,1,1,0.84
0,1399,10.55,4,0.9,0,1,0.98
6,155,17.04,6,0.65,1,6,0.64
5,870,12.04,3,0.3,1,1,0.49
1,790,9.56,8,0.29,1,6,0.54
1,705,11.79,6,0.36,1,7,0.84
4,848,17.19,6,0.97,1,7,0.52
5,141,5.55,1,0.81,1,0,0.92
0,723,6.96,8,0.7,1,7,0.52
2,1019,24.84,7,0.49,0,5,0.45
4,429,11.32,10,0.27,1,2,0.98
5,795,21.01,9,0.55,1,3,0.45
3,556,18.15,8,0.37,1,2,0.58
5,1178,16.62,9,0.55,0,8,0.94
2,244,14.73,10,0.42,0,8,0.93
2,743,19.5,9,0.87,0,4,0.59
1,995,19.46,7,0.93,0,4,0.96
2,405,8.63,1,0.61,0,2,0.96
0,1096,9.9,2,0.53,0,6,0.53
5,101,8.75,10,0.59,1,2,0.59
13,3082,96.75,9,0.2,1,10,0.51
4,205,8.8,2,0.27,1,2,1.0
4,1328,12.41,7,0.74,1,1,0.69
5,1202,16.53,10,0.62,0,6,0.75
5,1227,14.23,1,0.56,1,5,0.57
3,1222,2.3,10,0.47,0,0,0.54
2,442,1.24,4,0.66,0,0,0.88
3,651,0.82,7,0.25,0,8,0.95
11,3309,65.28,29,0.18,1,11,0.15
3,490,3.99,10,0.76,0,0,0.49
6,932,11.57,8,0.65,0,3,0.66
1,710,0.19,4,0.94,0,1,0.88
3,297,22.36,7,0.46,0,6,0.61
3,424,10.97,6,0.88,0,3,0.87
4,1086,12.58,8,0.93,0,3,0.91
3,736,16.32,2,0.55,0,3,0.45
7,3059,46.62,27,0.14,0,8,0.32
4,752,21.64,4,0.88,1,3,0.84
3,456,7.7,2,0.4,0,5,0.71
15,1447,47.04,16,0.1,0,5,0.2
2,1316,23.3,5,0.67,0,1,0.79
5,780,20.05,4,0.34,0,8,0.88
1,446,15.92,8,0.36,0,3,0.42
0,1330,12.41,7,0.69,0,5,0.4
5,812,12.54,2,0.22,1,4,0.69
6,2426,84.76,8,0.08,1,7,0.22
0,1054,2.16,9,0.45,1,1,0.83
1,1124,8.84,4,0.3,0,6,0.61
1,420,2.91,3,0.83,0,1,0.5
0,342,4.17,7,0.61,0,6,0.8
15,2811,36.56,17,0.24,0,5,0.11
5,278,2.87,1,0.85,0,6,0.49
8,2620,21.76,29,0.09,0,9,0.11
2,1455,14.47,8,0.63,1,8,0.56
6,630,6.52,7,0.64,0,4,0.98
1,528,19.71,6,0.83,0,3,0.74
2,733,3.49,2,0.39,1,8,0.98
0,933,10.91,3,0.32,1,7,0.42
1,769,14.79,6,0.67,1,4,0.85
4,1210,1.92,7,0.2,1,6,0.86
4,1475,24.49,10,0.42,1,6,0.49
5,147,17.05,8,0.88,0,1,0.93
0,459,9.29,4,0.68,1,3,0.66
0,144,17.67,7,0.77,0,2,0.46
11,1310,78.79,17,0.22,1,6,0.36
3,991,19.51,9,0.72,0,1,0.99
8,2950,90.69,9,0.21,1,11,0.25
6,1568,22.28,25,0.13,0,5,0.22
1,527,5.59,10,0.72,0,0,0.77
3,658,18.73,8,0.7,0,2,0.51
6,716,11.62,6,0.43,0,5,0.43
0,910,7.13,8,0.81,1,1,0.49
5,2612,45.04,10,0.08,0,7,0.33
3,357,16.69,2,0.81,0,7,0.9
3,621,4.12,1,0.46,1,4,0.84
5,594,24.42,4,0.92,1,5,0.7
4,640,9.29,2,0.24,1,6,0.42
5,146,17.3,8,0.84,0,0,0.8
4,1444,21.25,7,0.46,1,2,0.8
6,3477,64.5,19,0.15,0,9,0.4
5,1115,14.5,9,0.77,0,1,0.85
6,134,17.71,4,0.91,1,6,0.94
0,1133,8.93,1,0.53,0,8,0.91
4,293,18.1,7,0.7,1,5,0.73
13,3415,49.02,8,0.04,0,9,0.54
6,653,3.4,6,0.8,1,3,0.78
0,584,7.78,6,0.52,1,4,0.59
15,2925,87.44,9,0.05,0,8,0.52
3,1403,15.59,10,0.29,1,8,0.65
2,722,15.65,9,0.85,1,4,0.88
4,1447,10.41,6,0.76,0,5,0.87
1,1269,13.54,10,0.31,1,8,0.56
7,1421,42.13,12,0.16,0,5,0.39
1,488,1.19,2,0.89,0,1,0.85
0,982,20.36,2,0.58,1,1,0.92
1,586,0.04,3,0.37,0,0,0.52
4,231,16.88,5,0.53,1,1,0.81
6,586,13.8,9,0.26,0,2,0.91
4,538,16.07,10,0.53,0,0,0.94
6,907,6.19,2,0.54,1,2,0.89
0,738,1.39,4,0.77,1,5,0.98
5,379,17.54,1,0.55,0,0,0.6
5,1355,51.54,27,0.19,0,9,0.41
2,794,23.62,2,0.64,1,4,0.7
5,1133,20.13,4,0.92,0,5,0.78
3,897,13.97,7,0.55,1,8,0.79
0,991,24.37,9,0.86,0,5,0.68
3,270,5.89,4,0.26,0,3,0.76
2,651,17.01,3,0.48,1,4,0.64
1,477,5.06,8,0.27,0,0,0.82
5,673,24.63,7,0.31,1,7,0.9
4,974,7.69,10,0.38,1,0,0.8
4,935,17.72,7,1.0,0,4,0.8
5,312,2.8,1,0.42,1,0,0.46
4,159,21.9,7,0.56,0,2,0.54
5,737,15.02,4,0.42,1,4,0.91
5,1048,16.69,7,0.39,1,0,0.94
1,1421,6.49,3,0.62,1,3,0.56
4,1390,19.33,10,0.66,0,7,0.89
0,1212,10.28,8,0.66,1,6,0.81
7,2662,29.28,11,0.18,1,5,0.39
1,442,24.76,4,0.43,0,7,0.63
3,1377,12.71,10,0.23,0,7,0.87
5,253,5.59,10,0.73,1,6,0.85
6,1164,11.37,8,0.27,0,6,0.61
0,731,24.88,1,0.83,1,1,0.9
5,469,12.13,6,0.87,1,1,0.52
5,572,20.84,3,0.76,0,8,0.85
1,221,11.46,4,0.7,1,2,0.55
3,138,11.42,6,0.75,0,0,0.59
0,831,0.14,8,0.4,0,1,0.58
5,997,13.81,8,0.43,1,0,0.48
11,1409,62.71,24,0.07,1,5,0.35
3,281,24.61,5,0.44,0,0,0.76
0,524,17.28,5,0.43,1,1,0.7
0,195,17.42,1,0.29,0,1,0.82
3,560,9.18,10,0.77,0,0,0.65
5,3782,54.89,22,0.04,0,5,0.45
5,123,24.75,8,0.96,0,0,0.52
11,3168,51.2,23,0.16,0,7,0.4
2,1037,14.62,7,0.25,0,6,0.62
6,151,24.53,2,0.65,1,1,0.49
15,2131,91.56,13,0.0,0,6,0.55
4,150,22.45,7,0.37,1,0,0.53
2,980,13.87,10,0.34,1,2,0.67
5,1040,0.59,3,0.23,0,2,0.41
2,833,6.87,3,0.54,1,5,0.53
5,204,11.48,9,0.22,0,7,0.89
0,663,11.1,10,0.56,0,7,0.63
5,122,20.29,3,0.61,1,2,0.96
1,167,24.85,10,0.97,0,8,0.62
3,1268,6.96,2,0.46,1,3,0.66
5,2766,53.72,8,0.23,1,8,0.13
13,2471,35.17,15,0.21,1,6,0.45
1,767,21.58,8,0.3,0,8,0.94
5,1129,0.16,3,0.52,0,7,1.0
0,372,17.56,2,0.31,1,0,0.98
3,110,15.62,8,0.86,0,6,0.47
0,171,16.64,5,0.34,0,6,0.73
2,1017,6.65,2,1.0,0,8,0.83
0,1477,19.7,5,0.84,0,8,0.76
6,352,16.02,7,0.97,0,4,0.93
7,2651,46.9,17,0.01,0,11,0.53
0,1322,1.61,1,0.31,0,2,0.79
6,1305,10.0,4,0.66,0,5,0.43
5,1289,11.51,4,0.31,1,4,0.52
6,592,3.62,7,0.6,1,4,0.95
6,1207,9.45,10,0.64,1,0,0.87
3,1268,22.72,9,0.67,1,7,0.89
6,949,12.49,1,0.85,0,6,0.87
2,1370,2.12,1,0.28,1,0,0.84
1,494,4.51,10,0.5,0,6,0.58
3,1461,13.96,2,0.25,0,4,0.65
0,287,11.55,6,0.48,1,3,0.93
6,968,5.28,4,0.56,1,0,0.54
5,810,0.1,4,0.7,1,5,0.59
6,403,24.32,7,0.74,1,5,0.41
0,415,21.91,9,0.71,1,6,0.51
6,3465,36.3,22,0.09,1,9,0.16
4,1278,10.9,3,0.89,1,8,0.91
4,1202,24.59,5,0.48,0,5,1.0
3,356,10.65,10,0.66,0,2,0.67
6,1169,0.98,4,0.4,1,0,0.96
0,1309,2.02,8,0.65,0,3,0.73
3,964,6.24,7,0.48,1,5,0.69
15,2948,37.68,23,0.04,1,6,0.37
5,311,3.19,10,0.26,1,0,0.47
2,1272,22.75,10,0.82,1,1,0.99
2,589,1.36,6,0.84,0,4,0.92
2,325,22.7,5,0.53,0,2,0.75
0,1324,3.14,7,0.76,1,5,0.78
4,1456,21.49,6,0.66,1,3,0.47
6,1296,61.57,23,0.06,0,7,0.44
3,633,10.25,4,0.42,0,7,0.75
2,1203,19.93,2,0.46,0,3,0.61
6,1252,11.54,9,0.58,1,8,0.74
0,1199,12.18,8,0.7,1,3,0.6
0,150,0.48,1,0.42,1,8,0.97
2,935,13.18,10,0.8,1,0,0.66
5,1096,19.29,4,0.71,1,1,0.56
2,1389,23.51,8,0.34,1,0,0.91
0,279,19.04,5,0.41,0,2,0.51
0,641,16.92,1,0.83,1,0,0.94
6,716,19.17,8,0.97,1,6,0.86
3,758,0.95,9,0.65,1,7,0.56
4,1475,22.88,9,0.83,0,8,0.86
4,775,5.53,2,0.52,1,6,0.92
2,521,5.63,5,0.47,0,3,0.43
4,1228,7.81,7,0.27,1,5,0.48
6,1215,9.26,3,0.88,1,6,0.48
5,139,18.49,1,0.89,1,1,0.98
5,134,9.52,10,0.71,1,0,0.52
4,681,15.3,3,0.71,0,0,0.71
4,1120,2.81,5,0.67,1,4,0.45
4,464,16.76,2,0.53,1,5,0.88
15,1647,74.82,30,0.02,1,5,0.45
2,479,3.95,1,0.37,1,1,0.51
6,1260,10.1,10,0.67,1,2,0.87
0,659,16.42,2,0.72,0,1,0.53
6,901,4.38,8,0.61,0,2,0.4
5,1056,21.54,3,0.33,1,0,0.7
1,1243,2.6,8,0.25,0,1,0.8
3,194,6.22,5,0.34,0,7,0.94
5,558,9.16,3,0.49,1,3,0.6
0,150,18.19,10,0.6,1,4,0.47
0,528,24.83,4,0.9,0,5,0.76
1,330,13.66,5,0.37,0,3,0.75
0,975,0.11,10,0.26,0,0,0.72
2,1140,2.6,5,0.71,0,0,0.55
5,669,5.93,7,0.95,0,1,0.89
0,137,1.48,6,0.78,1,7,0.67
3,527,22.81,1,0.78,0,5,0.88
2,1484,9.12,9,0.97,1,2,0.55
3,247,23.74,8,0.72,1,2,0.97
3,454,20.81,8,0.39,1,3,0.45
6,620,11.77,2,0.92,0,5,0.58
1,1226,10.28,5,0.78,0,3,0.43
5,568,23.22,7,0.97,1,3,0.79
6,974,8.55,5,0.32,1,2,0.52
6,1186,0.97,3,0.89,1,5,0.6
5,671,19.38,3,0.51,0,4,0.62
1,680,5.5,7,0.21,0,6,0.81
6,599,7.39,3,0.39,1,8,0.53
6,927,4.61,8,0.34,0,0,0.61
5,603,15.85,6,0.21,1,7,0.96
5,1049,22.42,7,0.35,1,1,0.7
0,829,20.21,3,0.72,1,8,0.53
6,617,20.37,5,0.39,0,0,0.41
5,167,10.3,3,0.86,1,7,0.43
6,1053,12.55,7,0.54,1,4,0.88
5,1269,4.46,9,0.42,1,4,0.88
3,624,24.08,3,0.23,0,0,0.68
4,802,23.37,1,0.35,1,5,0.45
5,493,24.57,3,0.71,0,0,0.77
6,480,18.74,6,0.47,1,6,0.61
1,1124,20.23,7,0.36,1,2,0.98
1,163,10.05,4,0.97,0,2,0.45
2,524,19.9,5,0.71,1,1,0.98
3,1301,21.98,3,0.27,1,2,0.98
4,635,14.57,4,0.79,0,6,0.84
3,756,23.75,5,0.42,1,8,0.88
2,515,3.43,8,0.86,1,6,0.66
3,450,12.22,2,0.96,0,4,0.46
5,1004,19.75,3,0.41,0,4,0.8
1,128,16.01,9,0.82,1,5,0.9
10,3701,98.84,10,0.22,0,5,0.42
4,265,19.03,8,0.74,0,4,1.0
3,1200,9.28,4,0.44,0,0,0.44
14,3499,37.12,29,0.11,1,6,0.33
0,445,2.83,9,0.51,0,7,0.94
6,517,13.19,10,0.36,0,8,0.48
4,250,8.69,10,0.62,0,4,0.7
0,1137,18.94,9,0.58,0,0,0.6
1,932,19.57,8,0.45,0,0,0.57
1,862,7.06,4,0.38,0,0,1.0
5,775,5.23,3,0.26,1,7,0.75
1,1301,1.86,6,0.54,0,4,0.48
6,703,22.86,7,0.54,0,2,0.55
0,469,17.04,1,0.26,1,5,0.98
3,936,11.82,6,0.62,0,8,0.58
4,674,17.84,9,0.6,1,5,0.53
2,1166,3.45,9,0.56,0,6,0.51
6,1242,0.68,2,0.44,0,2,0.92
7,3322,46.59,28,0.01,0,11,0.19
3,302,2.93,2,0.63,0,6,0.67
0,1405,24.84,5,0.34,1,0,0.49
5,637,8.56,2,0.37,1,6,0.77
2,134,17.3,6,0.89,0,6,0.52
4,1476,6.8,1,0.42,0,0,0.62
5,128,19.21,8,0.69,1,6,0.88
0,1063,17.95,9,0.78,0,2,0.96
2,112,23.55,2,0.93,0,2,0.55
15,2656,41.43,26,0.25,1,11,0.34
4,484,4.13,7,0.75,1,3,0.59
0,1467,8.28,4,0.67,1,2,0.74
3,1372,1.35,6,0.41,1,3,0.83
2,1449,9.09,9,0.91,0,5,0.48
6,455,17.69,9,0.69,1,6,0.72
0,100,20.54,9,0.89,1,2,0.59
3,1314,1.78,10,0.89,0,8,0.91
1,1444,11.07,3,0.93,1,3,0.74
5,815,1.64,8,0.93,1,7,0.63
2,1322,10.39,7,0.86,0,1,0.79
1,725,17.79,5,0.8,0,0,0.43
0,326,13.62,10,0.3,1,3,0.76
5,947,10.84,2,0.54,0,2,0.73
5,1412,13.3,2,0.61,1,6,0.45
3,1079,18.57,7,0.83,1,5,0.76
6,1586,32.73,9,0.09,1,11,0.2
1,504,14.45,7,0.58,1,4,0.6
0,391,16.35,4,0.7,1,6,0.52
1,304,15.42,8,0.7,1,2,0.98
0,1181,8.09,10,0.94,0,8,0.66
0,1113,13.84,7,0.53,1,5,0.62
6,3582,60.76,30,0.16,0,6,0.15
6,370,17.25,7,0.59,0,6,0.66
1,667,11.66,10,0.21,0,4,0.42
5,1833,42.05,22,0.13,0,12,0.13
0,1265,11.57,7,1.0,0,5,0.94
6,110,15.8,2,0.74,0,2,0.99
0,1284,16.91,9,0.82,0,0,0.57
1,1359,7.63,8,0.41,0,7,0.6
5,2680,84.49,8,0.24,1,8,0.28
5,522,12.74,6,0.64,1,6,0.67
12,1619,63.56,8,0.18,1,7,0.41
5,792,0.03,3,0.37,0,4,0.78
6,656,7.5,3,0.35,0,0,0.94
2,1060,20.03,6,0.95,1,2,0.99
5,753,13.03,2,0.97,1,5,0.85
1,195,22.17,10,0.41,0,8,0.96
5,411,0.66,4,0.57,1,2,0.78
3,419,11.79,4,0.77,0,2,0.41
4,1464,18.04,9,0.44,0,0,0.81
5,590,12.02,1,0.72,0,6,0.74
4,1071,14.9,10,0.75,0,5,0.91
1,1016,20.65,5,0.8,1,0,0.51
5,761,21.71,10,0.97,0,1,0.59
2,616,21.8,1,0.64,0,5,0.42
4,227,19.26,9,0.27,0,4,0.47
4,584,22.02,5,0.71,0,6,0.61
6,1448,12.44,7,0.32,1,6,0.57
0,323,14.59,10,0.99,0,7,0.53
2,1034,7.86,5,0.37,0,4,0.54
1,972,23.33,6,0.29,1,0,0.99
11,1605,29.59,18,0.02,0,5,0.25
1,968,3.96,10,0.76,1,1,0.86
1,711,11.04,9,0.98,0,3,0.62
0,139,8.09,5,0.72,1,2,0.98
6,826,23.53,5,0.28,1,4,0.68
3,379,2.69,1,0.62,1,2,0.58
6,1211,32.55,11,0.11,1,9,0.19
1,1412,16.36,9,0.71,1,8,0.76
0,1437,14.83,4,0.92,1,6,0.75
9,3159,32.68,27,0.0,1,12,0.19
5,1926,38.22,19,0.17,0,10,0.26
5,1362,23.76,2,0.63,1,7,0.72
5,1267,7.63,7,0.28,1,2,0.71
6,194,19.12,7,0.64,0,8,0.97
0,1217,13.0,1,0.3,1,4,0.95
0,601,11.61,7,0.88,0,7,0.91
0,1058,24.87,6,0.51,0,1,0.44
5,401,20.05,4,0.49,0,3,0.84
1,515,23.83,5,0.84,1,4,0.45
14,3818,58.29,23,0.11,1,9,0.45
0,583,13.68,9,0.67,1,3,0.68
2,787,10.77,1,0.34,0,6,0.69
5,109,15.79,6,0.32,1,5,0.53
2,217,5.28,7,0.8,0,4,0.52
4,1262,6.82,6,0.5,1,2,0.62
3,562,11.18,10,0.93,1,4,0.81
1,1120,7.38,3,0.83,0,2,0.84
4,1284,7.11,8,0.77,0,3,0.88
5,1480,15.69,3,0.58,0,6,0.73
9,3634,52.0,19,0.23,1,6,0.13
4,421,16.75,8,0.29,1,0,0.45
0,1058,14.61,7,0.34,0,1,0.54
4,483,18.98,3,0.29,1,8,0.9
0,253,23.17,3,0.64,0,5,0.41
5,242,14.03,6,0.71,0,0,0.89
0,820,19.83,8,0.27,0,1,0.89
3,384,0.31,2,0.38,0,5,0.42
6,1327,53.61,16,0.1,1,12,0.45
5,726,4.59,5,0.77,1,7,0.61
15,1815,78.2,15,0.12,1,7,0.39
4,802,9.08,7,0.74,1,4,0.8
4,408,19.9,5,0.32,0,6,0.6
0,130,5.38,1,0.99,0,0,0.58
3,1011,11.87,3,0.6,1,5,0.84
4,1172,0.77,4,0.61,1,7,0.84
6,1465,77.33,11,0.06,1,8,0.2
2,346,14.4,7,0.53,0,2,0.47
15,2255,96.6,22,0.06,0,8,0.31
0,572,8.52,10,0.23,0,0,1.0
0,412,7.56,2,0.92,0,3,0.49
6,515,23.09,1,0.22,0,3,0.89
0,527,1.36,10,0.34,1,7,0.55
0,272,24.06,3,0.49,1,3,0.7
6,1203,6.7,1,0.98,0,0,0.82
12,3865,99.07,15,0.0,0,6,0.23
6,1202,3.25,9,0.3,0,3,0.73
1,163,18.91,8,0.83,0,8,0.49
5,439,0.09,6,0.34,1,1,0.83
2,458,16.91,9,0.53,1,6,0.87
3,440,15.55,8,0.37,1,5,0.61
0,1494,19.82,2,0.99,1,7,0.79
4,1443,13.31,2,0.73,0,4,0.51
5,1135,19.76,3,0.7,1,0,0.78
2,1053,21.13,10,0.49,0,7,0.97
6,609,8.01,10,0.24,1,7,0.41
4,389,10.06,3,0.95,0,1,0.63
8,1420,40.57,9,0.1,0,12,0.49
2,1445,24.98,1,0.65,0,6,0.66
5,1577,38.75,8,0.04,0,6,0.11
0,884,4.76,7,0.98,1,3,0.87
11,2881,47.9,27,0.19,1,8,0.3
2,384,23.14,4,0.44,1,4,0.51
0,834,12.63,4,0.41,1,8,0.54
3,849,23.02,1,0.61,1,3,1.0
4,1485,18.04,4,0.91,1,4,0.54
2,1167,14.85,9,0.32,1,6,0.82
1,364,16.82,2,0.77,1,0,0.75
5,1064,10.52,5,0.3,1,7,0.65
5,871,0.92,1,0.77,1,8,0.66
3,1119,2.03,1,0.67,1,0,0.69
3,1251,20.1,8,0.61,1,8,0.77
0,343,18.87,9,0.83,0,1,0.59
1,1090,24.63,5,0.91,1,4,0.98
2,450,12.15,9,0.46,1,1,0.95
1,1329,2.0,8,0.93,1,2,0.75
2,159,18.78,4,0.51,1,3,0.76
0,330,20.96,10,0.82,1,6,0.45
6,2595,58.43,29,0.2,0,5,0.33
5,193,14.98,9,0.27,1,3,0.52
4,769,19.68,10,0.35,1,4,0.63
12,3203,99.12,12,0.02,1,6,0.28
11,3258,92.2,13,0.04,1,7,0.14
1,1025,12.24,3,0.83,1,4,0.41
6,114,16.26,6,0.91,0,8,0.81
5,1198,15.93,10,0.6,1,1,0.58
0,1113,4.24,4,0.51,0,6,0.44
13,1274,75.23,11,0.02,0,12,0.37
5,185,16.73,8,0.71,1,4,0.78
1,767,16.2,3,0.73,0,3,0.99
3,1087,9.54,7,0.69,0,8,0.66
3,635,17.57,8,0.2,0,0,0.96
3,1446,10.15,8,0.36,1,6,0.78
2,1012,1.51,10,0.89,1,3,0.94
3,729,4.7,1,0.53,0,1,0.68
0,1226,19.31,5,0.68,0,5,0.87
6,370,5.33,8,0.48,0,5,0.44
8,2368,38.6,11,0.19,1,12,0.51
2,560,21.85,10,0.67,0,4,0.94
0,1176,9.55,5,0.23,0,0,0.46
4,157,18.55,5,0.46,1,4,0.47
4,1329,6.96,8,0.37,0,6,0.57
4,1474,1.55,5,0.37,0,7,0.43
0,627,14.53,1,0.49,1,5,0.94
6,1139,1.67,7,0.85,1,1,0.81
3,766,22.07,7,0.79,1,8,0.5
6,1228,21.35,10,0.34,1,6,0.9
3,1476,2.92,10,0.75,1,1,0.79
4,1172,17.78,8,0.78,0,0,0.57
6,782,23.33,6,0.52,1,8,0.95
1,179,2.44,1,0.89,0,1,0.71
0,875,16.95,1,0.24,1,0,0.64
2,1079,13.46,8,0.38,0,2,0.67
0,213,9.58,8,0.26,0,4,0.7
13,3553,62.0,29,0.03,0,7,0.37
2,1084,15.44,3,0.75,0,3,0.93
6,1489,8.08,2,0.91,0,5,0.46
6,1453,17.4,1,0.35,0,7,0.69
5,1499,24.09,6,0.78,0,8,0.66
7,2364,82.29,23,0.12,1,6,0.34
3,650,7.2,2,0.64,0,7,0.68
6,1084,16.55,6,0.55,0,2,0.56
1,1066,17.26,8,0.55,0,2,0.76
0,147,23.3,1,0.87,0,6,0.84
3,751,13.78,6,0.68,0,1,0.42
1,410,20.61,2,0.28,1,6,0.86
6,170,21.8,3,0.22,0,1,0.96
2,703,4.96,4,0.23,0,6,0.56
6,2692,63.6,14,0.25,0,11,0.41
2,1043,0.6,6,0.97,0,8,0.48
3,970,12.57,7,0.8,1,6,0.59
0,233,21.29,5,0.64,0,0,0.44
7,1994,83.96,22,0.1,0,10,0.14
0,160,15.29,4,0.41,0,0,0.64
0,657,7.7,5,0.87,0,3,0.92
6,181,12.2,4,0.52,1,7,0.81
1,1142,2.15,10,0.95,1,6,0.96
0,561,7.96,2,0.3,0,5,0.99
2,1353,22.3,2,0.44,1,1,0.64
1,102,4.8,9,0.26,0,0,0.48
0,1106,19.25,6,0.86,1,0,0.96
6,651,11.52,5,0.44,1,7,0.67
0,864,9.53,3,0.77,1,5,0.86
4,715,3.75,1,0.52,1,2,0.53
2,1191,9.0,4,0.88,1,0,0.41
2,887,6.17,2,0.33,0,4,0.9
5,523,18.31,9,0.47,0,0,0.43
11,3528,52.73,28,0.05,0,6,0.13
0,418,9.75,6,0.89,0,3,0.52
6,451,22.74,3,0.25,1,0,0.41
3,159,14.77,9,0.33,0,6,0.53
4,179,6.0,1,0.71,1,1,0.97
6,949,22.14,2,0.71,1,0,0.53
2,540,5.41,10,0.86,0,7,0.91
5,1361,15.18,3,0.2,1,0,0.42
5,135,23.4,10,0.73,1,3,0.46
0,1123,24.73,5,0.8,0,5,0.46
5,741,18.08,9,0.81,0,4,0.59
6,1001,22.65,8,0.34,1,2,0.73
3,1279,16.11,5,0.47,1,8,0.78
2,1002,9.44,6,0.94,1,6,0.44
4,979,19.08,9,0.87,0,0,0.71
4,522,1.44,7,0.84,1,0,0.47
0,1338,1.55,2,0.34,1,2,0.66
6,1139,24.09,5,0.97,0,6,0.84
2,1194,20.77,9,0.46,0,1,0.43
1,358,12.25,8,0.35,0,4,0.62
12,1678,35.87,30,0.12,0,10,0.49
0,1278,3.61,4,0.44,0,2,0.44
3,1214,23.83,8,0.21,1,6,0.62
3,903,2.94,4,0.55,1,7,0.77
9,3687,28.16,30,0.03,1,12,0.36
0,199,9.37,4,0.41,0,4,0.84
2,1046,11.18,7,0.34,1,3,0.65
3,1349,19.36,7,0.69,0,7,0.51
0,980,15.23,1,0.54,0,1,0.87
0,302,18.22,4,0.23,1,1,0.85
5,782,5.04,7,0.6,1,4,0.72
6,1080,3.12,9,0.5,0,8,0.73
3,641,5.19,3,0.35,1,0,0.58
1,1062,11.0,3,0.62,0,5,0.67
5,1633,87.54,23,0.1,1,11,0.19
5,229,6.2,10,0.58,0,5,0.55
3,1244,6.56,5,0.46,0,3,0.98
0,799,16.66,2,0.48,0,0,0.76
3,366,15.93,4,0.46,0,5,0.78
10,3993,70.56,20,0.13,1,10,0.49
5,1238,9.26,1,0.86,0,3,0.9
3,1258,9.27,2,1.0,0,3,0.75
6,325,2.75,4,0.97,1,1,0.98
4,312,12.72,2,0.54,1,2,0.76
10,2729,44.81,21,0.19,0,12,0.13
0,750,19.61,5,0.46,1,8,0.97
6,175,6.51,5,0.56,0,3,0.84
10,2264,96.24,25,0.21,1,12,0.54
4,243,16.87,4,0.67,1,8,0.46
4,202,9.13,7,0.84,1,2,0.99
3,126,9.63,9,0.67,0,4,0.86
4,578,1.42,1,0.26,1,4,0.9
4,817,24.71,4,0.95,1,4,0.77
5,609,3.21,7,0.4,1,4,0.94
5,284,24.49,9,0.44,0,4,0.83
2,1314,16.48,7,0.83,1,4,0.5
3,1015,16.67,7,0.72,1,4,0.43
6,485,16.47,7,0.74,0,6,0.73
2,591,22.71,3,0.35,1,6,0.52
1,671,2.48,2,0.68,0,6,0.79
14,2771,96.07,12,0.18,0,10,0.54
3,492,9.84,6,0.3,0,3,0.67
2,1066,10.96,8,0.78,0,8,0.89
0,124,5.1,4,0.59,1,5,0.66
5,205,6.8,8,0.62,1,5,0.64
1,678,2.94,1,0.76,1,2,0.79
6,949,13.28,5,0.63,0,5,0.87
13,2307,65.1,23,0.17,0,9,0.39
5,760,0.75,4,0.38,0,7,0.65
15,2980,44.01,14,0.11,0,5,0.34
9,2924,97.39,24,0.11,1,11,0.5
0,1364,16.26,9,0.75,1,1,0.99
9,2420,89.8,25,0.21,1,10,0.31
0,162,3.31,1,0.82,0,7,0.5
4,463,24.65,10,0.63,0,6,0.69
3,1445,21.33,8,0.64,0,2,0.95
5,382,6.96,9,0.55,1,8,0.44
8,1984,69.34,29,0.15,1,11,0.22
3,1385,3.67,9,0.47,1,2,0.43
3,1491,23.95,4,0.66,1,1,0.98
4,1232,0.79,5,0.75,0,5,0.61
13,3407,99.01,20,0.04,1,6,0.22
6,967,8.7,9,0.58,0,4,0.92
5,438,3.23,3,0.68,0,8,0.56
5,807,22.85,7,0.31,0,5,0.78
6,1326,14.43,3,0.82,0,6,0.73
9,3906,90.94,14,0.03,1,5,0.36
1,591,10.16,7,0.54,0,1,0.63
2,555,7.09,7,0.76,0,1,0.43
4,924,12.0,4,0.93,1,7,0.92
3,938,0.53,10,0.92,0,4,0.61
3,1494,13.36,9,0.7,0,1,0.52
0,880,2.7,10,0.24,0,1,0.88
13,2971,56.58,27,0.06,1,9,0.29
5,210,3.09,1,0.64,0,5,0.91
4,949,21.73,2,0.82,1,7,0.89
2,781,7.92,10,0.56,1,3,0.81
1,748,15.84,1,0.52,0,8,0.87
1,825,13.79,7,0.44,0,3,0.82
5,1377,18.75,10,0.35,1,7,0.75
0,1264,4.5,5,0.6,1,6,0.81
5,2652,43.48,30,0.24,0,11,0.44
2,232,15.42,6,0.6,1,5,0.59
2,1306,6.19,5,0.49,1,6,0.68
1,663,3.47,4,0.82,1,1,0.7
3,467,16.59,5,0.24,1,7,0.84
1,1284,3.41,10,0.43,0,0,0.51
2,1140,15.63,1,0.6,1,7,0.96
3,482,21.02,6,0.44,0,6,0.41
6,407,6.42,7,0.39,1,0,0.74
2,497,10.54,1,0.45,0,0,1.0
7,3713,52.13,10,0.06,0,6,0.47
6,472,6.96,9,0.75,1,0,0.77
12,3215,86.26,8,0.06,1,10,0.45
3,1361,2.78,7,0.51,1,8,0.6
2,684,17.15,6,0.51,1,4,0.66
2,511,13.18,10,0.28,0,8,0.66
0,399,6.07,8,0.72,1,2,1.0
14,2490,36.48,22,0.16,1,10,0.37
4,672,1.74,9,0.55,0,2,0.65
4,259,5.92,2,0.31,1,6,0.59
6,534,0.42,8,0.67,0,6,0.94
5,340,14.38,8,0.41,0,3,0.46
8,3588,41.06,8,0.23,1,11,0.29
1,1216,3.48,3,0.89,0,4,0.76
4,332,22.88,9,0.26,0,0,0.72
0,831,3.29,4,0.84,0,4,0.93
8,1906,94.83,30,0.12,0,11,0.26
0,370,14.56,8,0.58,1,8,0.67
13,1263,74.75,8,0.24,0,6,0.22
7,2978,30.87,23,0.23,0,11,0.35
5,272,14.64,4,0.91,1,2,0.53
4,1421,17.97,5,0.59,1,0,0.92
6,1304,24.76,8,0.85,1,7,0.53
0,1262,14.51,8,0.43,1,3,0.98
8,3038,34.67,26,0.07,1,6,0.52
1,1122,11.92,5,0.5,1,8,0.84
3,578,13.74,5,0.35,1,2,0.43
15,3943,58.92,9,0.04,1,5,0.54
3,571,10.46,8,0.39,1,4,0.51
3,1333,10.85,3,0.29,0,0,0.62
5,143,10.53,8,0.93,1,6,0.77
5,701,2.29,9,0.38,0,6,0.54
5,1372,23.15,5,0.67,0,6,0.92
6,873,20.11,1,0.55,0,0,0.91
1,760,22.57,9,0.32,1,8,0.7
5,922,4.05,10,0.88,0,6,0.88
4,1042,10.61,10,0.33,0,7,0.45
6,1237,4.08,10,0.92,0,8,0.49
3,1287,9.66,8,0.79,1,5,0.98
6,1381,22.4,2,0.59,1,8,0.72
2,223,23.05,3,0.85,0,0,0.41
5,624,0.22,10,0.66,1,3,0.99
6,1483,13.25,6,0.46,1,1,0.41
4,1476,17.9,1,0.6,1,6,0.47
4,288,12.75,3,0.6,0,4,0.45
2,1236,18.65,9,0.5,0,3,0.44
5,959,6.41,7,0.83,1,2,0.79
2,1481,7.21,10,0.5,1,2,0.79
2,667,15.09,4,0.43,1,1,0.65
5,664,12.6,2,0.27,1,1,0.83
3,1272,16.67,1,0.8,1,3,0.6
6,210,9.14,9,0.23,0,3,0.74
1,207,5.59,6,0.69,1,7,0.76
6,813,1.22,2,0.35,1,6,0.52
0,1070,15.6,3,0.82,1,4,0.55
3,917,10.75,5,0.49,0,0,0.85
1,1346,24.36,10,0.67,1,3,0.42
1,866,20.97,10,0.31,1,3,0.62
4,1243,21.73,10,0.89,1,4,0.42
5,2062,51.11,24,0.12,1,8,0.13
5,116,9.36,5,0.73,0,7,0.94
2,696,14.29,9,0.5,0,3,0.96
4,648,0.63,8,0.83,0,8,0.7
12,2801,24.37,27,0.09,0,9,0.38
3,1254,8.78,1,0.39,1,8,0.99
0,482,8.95,2,0.61,1,5,0.85
3,647,4.23,4,0.37,0,7,0.63
0,1322,23.44,8,0.77,0,2,0.7
2,1076,11.57,2,0.81,0,4,0.47
8,2834,34.49,17,0.21,1,8,0.51
5,1520,94.48,12,0.17,1,6,0.4
5,377,3.32,9,0.61,0,2,0.92
12,2228,35.41,12,0.17,1,9,0.24
4,451,6.77,2,0.9,0,7,0.96
11,1708,63.25,28,0.1,0,12,0.24
0,761,20.52,1,0.23,0,2,0.73
2,749,22.56,3,0.29,0,8,0.67
5,861,17.76,3,0.61,1,7,0.91
2,764,21.98,4,0.93,0,8,0.78
5,422,15.21,7,0.21,1,2,0.62
3,940,7.79,8,0.41,0,6,0.85
5,1023,17.96,5,0.7,0,8,0.64
2,846,12.49,6,0.51,1,5,0.41
3,1008,9.31,10,0.54,1,7,0.86
8,3657,72.34,19,0.01,1,7,0.36
5,171,19.88,1,0.28,0,8,0.65
6,1225,12.66,5,0.39,0,3,0.57
2,1453,12.71,8,0.25,1,7,0.69
4,428,4.74,1,0.61,1,3,0.48
0,525,24.92,10,0.64,1,1,0.42
0,1151,6.06,8,0.35,0,1,0.43
2,183,13.58,7,0.45,0,1,0.8
1,685,1.16,10,0.86,1,2,0.57
4,489,24.82,3,0.45,1,0,0.93
6,406,13.37,2,0.78,1,0,0.77
5,1946,26.53,30,0.23,0,11,0.22
2,1478,23.7,4,0.91,1,5,0.48
3,476,24.2,2,0.48,1,8,0.92
1,505,22.41,2,0.62,0,5,0.87
7,2291,51.1,18,0.2,1,6,0.33
13,3152,25.79,21,0.05,0,9,0.34
5,293,23.05,10,0.39,0,8,0.5
0,939,4.01,1,0.79,0,7,0.57
3,149,18.02,4,0.89,0,3,0.76
4,654,17.08,2,0.33,0,0,0.75
3,672,24.76,9,0.53,1,8,0.86
6,3576,43.75,30,0.22,1,8,0.41
4,752,16.02,7,0.95,0,1,0.84
2,1444,19.36,1,0.59,1,3,0.47
5,587,2.98,4,0.37,0,7,0.71
5,1058,18.42,4,0.72,0,7,0.53
5,1015,24.7,8,0.3,0,6,0.74
6,928,10.33,6,0.36,0,3,0.89
4,716,13.38,3,0.76,1,6,0.5
3,877,4.04,4,0.43,1,6,0.53
4,266,14.46,10,0.3,0,0,0.91
2,909,2.27,3,0.31,1,7,0.44
4,742,19.37,9,0.85,0,2,0.83
0,1401,3.88,3,0.43,0,7,0.94
2,686,14.89,5,0.48,1,7,0.66
3,174,12.84,4,0.41,0,6,0.42
5,184,7.67,5,0.62,1,3,0.49
3,985,7.55,8,0.64,0,4,0.5
5,317,21.79,5,0.46,1,1,0.82
2,950,21.74,7,0.82,1,6,0.99
3,1422,13.28,7,0.92,0,4,0.69
4,1059,11.23,7,0.69,1,8,0.59
8,2639,29.92,28,0.09,1,8,0.13
4,506,14.47,7,0.87,1,1,0.41
6,328,24.7,10,0.31,1,6,0.79
10,2994,75.98,27,0.09,0,8,0.55
1,372,23.76,3,0.31,1,7,0.56
0,756,2.68,7,0.62,0,3,0.86
6,764,2.7,7,0.69,0,6,0.54
13,3366,65.13,23,0.24,0,5,0.13
0,1073,20.46,6,0.74,0,7,0.44
6,762,15.73,4,0.98,1,3,0.54
4,528,0.42,5,0.23,1,6,0.66
5,1479,6.23,7,0.29,1,4,0.75
1,580,17.71,6,0.83,1,6,0.92
13,2087,49.62,20,0.14,1,7,0.3
5,413,6.23,2,0.23,1,2,0.46
3,1426,17.41,8,0.95,0,1,0.68
2,283,23.76,9,0.57,1,5,0.75
4,679,17.39,5,0.65,1,3,0.55
6,1407,22.67,9,0.68,0,7,0.98
3,944,23.45,4,0.27,1,1,0.78
4,609,24.5,5,0.75,0,6,0.68
11,1519,48.39,25,0.08,1,12,0.32
2,923,0.7,6,0.37,0,6,0.6
6,567,12.54,1,0.59,1,7,0.94
0,782,23.67,7,0.36,1,3,0.95
4,1323,19.91,5,0.98,0,2,0.71
3,1116,14.67,3,0.33,0,6,0.56
2,336,2.9,4,0.78,0,1,1.0
1,739,23.18,9,0.93,0,3,0.41
6,1012,8.48,3,0.68,1,0,0.65
4,975,16.71,7,0.53,0,3,0.57
5,1064,13.62,1,0.52,1,2,0.66
2,781,0.67,7,0.45,0,4,0.93
6,1176,6.25,7,0.25,0,0,0.61
1,299,20.29,7,0.32,0,1,0.71
2,1080,7.64,10,0.85,1,4,0.77
8,3761,92.56,9,0.11,0,7,0.36
5,995,21.9,3,0.57,1,5,0.92
0,1267,2.02,8,0.76,0,0,0.68
2,699,1.31,9,0.68,1,1,0.97
0,863,4.16,3,0.8,0,2,0.52
6,1294,19.89,4,0.49,0,2,0.47
4,1327,3.6,8,0.78,0,0,0.83
6,705,7.55,3,0.99,1,6,0.5
1,114,4.54,5,0.77,1,3,0.53
4,725,16.2,2,0.48,1,3,0.84
5,1426,92.64,27,0.01,1,8,0.48
1,581,2.49,9,0.88,1,8,0.81
0,773,9.98,10,0.69,0,4,0.43
1,602,23.43,1,0.83,0,7,0.79
0,1062,20.47,4,0.49,1,8,0.56
8,1343,79.88,10,0.17,1,6,0.51
5,1131,10.9,1,0.57,1,1,0.43
1,1011,15.89,1,0.79,0,0,0.61
2,160,1.65,4,0.94,1,5,0.78
6,1127,16.0,8,0.98,0,6,0.98
8,2578,44.5,25,0.2,1,7,0.4
4,108,18.42,2,0.85,1,0,0.42
0,1270,20.13,8,0.27,0,5,0.44
2,1444,19.59,4,0.37,0,3,0.82
5,881,9.79,9,0.53,0,6,0.41
5,3950,47.78,30,0.02,0,11,0.19
3,676,3.09,10,0.84,1,6,0.46
2,952,1.31,9,0.39,0,1,0.54
9,2511,62.93,13,0.06,1,6,0.27
1,916,13.68,5,0.83,0,8,0.41
3,992,22.09,2,0.38,0,0,0.76
5,1338,7.5,6,0.97,0,6,0.5
0,505,21.55,4,0.32,1,3,0.95
2,1079,7.4,1,0.36,1,4,0.51
2,637,9.43,1,0.64,0,6,0.62
5,1126,17.58,10,0.68,0,1,0.52
0,581,1.26,10,0.25,0,0,0.62
5,573,21.11,8,0.97,1,5,0.45
13,3472,60.6,24,0.17,0,7,0.5
6,259,1.83,6,0.53,1,3,0.43
1,898,0.96,9,0.61,1,7,0.64
0,827,0.57,6,0.36,0,7,0.48
2,1242,14.09,3,0.8,1,5,0.41
6,621,0.34,10,0.7,1,1,0.6
4,1283,23.37,6,0.29,0,2,0.6
3,1091,18.78,8,0.72,0,1,0.97
13,3848,59.67,28,0.21,1,10,0.49
4,530,9.61,6,0.39,0,2,0.66
6,999,19.91,6,0.38,0,4,0.82
1,941,9.88,3,0.3,1,7,0.73
14,3591,32.65,14,0.02,1,7,0.43
6,1289,11.75,5,0.81,0,8,0.47
6,1115,5.57,8,0.29,0,5,0.68
9,3620,54.6,9,0.11,1,11,0.39
3,981,9.76,6,0.94,1,8,0.81
4,517,14.25,4,0.66,1,0,0.95
15,2116,35.87,28,0.16,0,5,0.15
1,503,19.46,1,0.43,1,6,0.55
6,134,6.47,7,0.93,0,2,0.42
1,789,17.28,5,0.71,1,5,0.4
6,2491,90.66,9,0.09,0,5,0.11
3,923,16.08,5,0.55,1,2,0.43
1,1433,1.64,10,0.55,0,6,0.98
2,138,11.6,7,0.35,1,8,0.83
10,1630,53.87,9,0.2,1,5,0.33
5,1187,14.92,2,0.71,1,2,0.71
1,121,2.18,1,0.46,1,7,0.96
6,1142,8.33,5,0.7,0,7,0.67
2,1395,23.01,3,0.27,0,0,0.96
4,1183,15.68,4,0.36,0,0,0.8
0,845,15.2,9,0.9,1,7,0.97
4,634,5.82,10,0.38,0,5,0.6
8,1266,87.79,17,0.02,0,10,0.22
2,604,13.34,9,0.39,0,3,0.79
5,696,9.28,7,0.78,1,5,0.84
13,3457,64.82,29,0.13,0,9,0.38
0,878,23.45,5,0.29,0,6,0.8
12,1686,45.77,28,0.06,1,7,0.29
4,269,16.64,1,0.63,0,8,0.87
1,726,14.74,4,0.9,1,0,0.79
3,1270,24.64,10,0.9,1,1,0.71
1,945,17.07,2,0.66,0,5,0.49
10,1717,55.28,30,0.17,0,11,0.48
3,257,24.09,6,0.44,0,8,0.86
1,380,22.16,6,0.61,1,7,0.99
1,351,6.41,4,0.56,0,4,0.43
2,874,24.12,10,0.23,0,2,0.99
0,424,13.67,8,0.48,0,0,0.94
4,419,20.34,4,0.33,0,4,0.95
0,1498,11.14,4,0.98,1,7,0.45
0,321,4.28,3,0.35,0,3,0.58
0,1476,3.18,1,0.79,1,4,0.47
10,3640,90.9,23,0.17,1,10,0.23
3,980,15.48,9,0.56,0,5,0.93
10,1468,78.67,8,0.2,0,8,0.3
3,123,6.23,2,0.43,0,8,0.62
7,2352,62.81,13,0.24,1,10,0.24
1,382,13.61,8,0.24,1,4,0.56
3,1397,23.68,7,0.85,1,4,0.97
3,1398,1.32,7,0.21,0,2,0.56
4,1309,11.66,4,0.83,1,8,0.77
13,2618,31.35,26,0.1,0,5,0.37
4,202,8.33,8,0.63,0,0,0.53
3,1229,16.39,9,0.42,0,7,0.57
2,1416,20.84,2,0.44,1,6,0.79
1,708,6.37,6,0.85,1,0,0.56
0,1466,9.5,2,0.7,0,2,0.8
4,773,13.53,1,0.36,1,5,0.83
4,536,8.41,1,0.93,1,2,0.56
1,1246,12.68,8,0.58,0,4,0.48
2,1230,4.47,1,0.55,0,7,1.0
1,269,6.4,9,0.45,0,1,0.46
8,3948,35.59,12,0.16,0,12,0.39
10,2392,33.44,10,0.24,1,9,0.46
3,1483,7.66,2,0.31,0,5,0.53
11,3019,57.88,9,0.12,0,8,0.54
0,723,6.58,10,0.75,0,2,0.7
2,938,23.16,1,0.71,0,8,0.81
3,925,1.2,5,0.89,1,3,0.6
4,733,2.4,2,0.54,0,5,0.52
4,1245,14.07,4,0.99,1,1,0.74
6,489,2.1,7,0.64,1,5,0.67
14,1655,90.6,30,0.2,1,8,0.22
1,282,6.96,4,0.96,1,2,0.4
0,1183,15.92,10,0.42,1,7,0.82
1,987,9.66,3,0.7,1,3,0.46
0,738,22.52,4,0.37,0,2,0.86
7,2381,87.78,28,0.0,0,11,0.37
3,1006,6.54,2,0.29,0,7,0.73
1,298,1.44,8,0.81,1,8,0.89
3,414,14.94,4,0.61,0,3,0.56
3,1485,6.63,8,0.52,1,1,0.47
1,1421,9.43,1,0.72,1,7,0.61
2,1382,8.76,2,0.39,1,1,0.79
6,556,20.08,4,0.32,1,5,0.61
0,742,22.14,6,0.86,0,5,0.87
0,876,21.82,4,0.55,1,2,0.84
1,507,7.56,4,0.75,1,0,0.72
6,584,15.57,1,0.76,0,7,0.62
2,336,10.86,3,0.63,1,3,0.79
6,1260,21.48,2,0.71,0,7,0.6
4,745,6.92,4,0.57,0,5,0.49
4,752,19.7,4,0.89,0,6,0.98
5,757,7.65,3,0.9,0,8,0.5
4,276,17.52,1,0.51,1,8,0.65
8,3118,31.38,17,0.02,1,11,0.21
6,1326,55.51,12,0.05,0,9,0.22
2,1156,8.25,5,0.54,1,0,0.63
6,769,6.42,10,0.69,1,8,0.54
3,663,8.14,10,0.54,1,5,0.86
0,799,8.48,1,0.36,0,0,0.55
0,426,6.0,9,0.28,0,2,0.92
2,160,6.68,3,0.9,1,1,0.73
3,695,10.64,5,0.78,0,4,0.8
12,1563,53.29,14,0.17,0,8,0.52
6,1192,5.36,4,0.22,1,6,0.65
5,1934,86.85,30,0.05,1,5,0.54
3,1355,10.78,10,0.79,1,1,0.56
3,284,6.83,8,0.55,0,0,0.48
1,535,3.84,10,0.43,1,8,0.83
3,981,13.44,10,0.72,1,8,0.9
8,3163,36.64,18,0.17,1,7,0.5
0,1208,5.26,7,0.81,1,3,0.92
2,330,22.3,6,0.46,0,2,0.4
4,591,3.2,1,0.97,0,8,0.54
1,1015,4.41,6,0.31,0,8,0.41
5,1343,4.03,10,0.4,0,0,0.44
6,110,18.18,6,0.32,1,6,0.65
6,1005,5.54,3,0.34,0,6,0.56
5,197,24.63,5,0.9,0,8,0.83
1,1435,13.09,2,0.53,1,2,0.78
5,756,18.8,4,0.58,1,4,0.84
15,2239,83.92,8,0.21,1,11,0.51
2,694,6.66,2,0.89,1,8,0.75
4,1335,12.8,6,0.62,0,8,0.75
6,254,24.4,10,0.84,1,4,0.52
1,543,22.85,1,0.96,0,8,0.89
3,501,22.7,9,0.91,1,3,0.85
1,1470,6.89,2,0.78,1,4,0.67
5,2807,35.83,22,0.17,0,12,0.45
3,245,4.33,10,0.83,1,5,0.96
1,325,20.01,9,0.24,1,8,0.88
4,1123,5.48,4,0.45,1,6,0.98
4,932,14.29,7,0.99,1,7,0.89
6,548,12.78,3,0.23,1,1,0.48
15,2951,88.56,11,0.24,0,12,0.14
0,938,20.31,4,0.43,1,3,0.74
6,891,2.92,3,0.89,0,6,0.63
4,1069,11.18,5,0.32,0,5,0.5
4,1019,9.97,9,0.81,0,7,0.5
1,376,22.79,3,0.81,0,4,0.8
4,178,9.65,1,0.85,1,5,0.86
6,1341,19.9,3,0.94,0,6,0.78
0,595,9.97,1,0.55,1,7,0.45
3,438,18.86,9,0.74,1,6,0.46
0,1070,18.91,2,0.34,0,5,0.65
4,950,20.27,2,0.28,0,8,0.72
6,161,16.63,3,0.26,1,7,0.6
11,3233,45.34,30,0.12,0,7,0.31
1,1118,0.35,2,0.26,0,4,0.62
13,3770,77.21,19,0.19,0,6,0.21
